rank,title,release_year,duration,rate_type,star_rating,vote_count,transformed_title,platform,price
1, The Shawshank Redemption,1994,2h 22m,15,9.3, (3.1M),the shawshank redemption,Sky Go,
1, The Shawshank Redemption,1994,2h 22m,15,9.3, (3.1M),the shawshank redemption,Now TV,
1, The Shawshank Redemption,1994,2h 22m,15,9.3, (3.1M),the shawshank redemption,Amazon,3.49
1, The Shawshank Redemption,1994,2h 22m,15,9.3, (3.1M),the shawshank redemption,Rakuten TV,3.49
1, The Shawshank Redemption,1994,2h 22m,15,9.3, (3.1M),the shawshank redemption,AppleTV,3.49
1, The Shawshank Redemption,1994,2h 22m,15,9.3, (3.1M),the shawshank redemption,YouTube,3.49
1, The Shawshank Redemption,1994,2h 22m,15,9.3, (3.1M),the shawshank redemption,Windows Store,3.49
2, The Godfather,1972,2h 55m,15,9.2, (2.1M),the godfather,Paramount Plus,
2, The Godfather,1972,2h 55m,15,9.2, (2.1M),the godfather,Sky Go,
2, The Godfather,1972,2h 55m,15,9.2, (2.1M),the godfather,Prime Video,
2, The Godfather,1972,2h 55m,15,9.2, (2.1M),the godfather,Amazon,3.49
2, The Godfather,1972,2h 55m,15,9.2, (2.1M),the godfather,YouTube,3.49
2, The Godfather,1972,2h 55m,15,9.2, (2.1M),the godfather,AppleTV,3.49
2, The Godfather,1972,2h 55m,15,9.2, (2.1M),the godfather,Sky Store,3.49
2, The Godfather,1972,2h 55m,15,9.2, (2.1M),the godfather,Windows Store,2.49
3, The Dark Knight,2008,2h 32m,12A,9.0, (3M),the dark knight,Prime Video,
3, The Dark Knight,2008,2h 32m,12A,9.0, (3M),the dark knight,AppleTV,3.49
3, The Dark Knight,2008,2h 32m,12A,9.0, (3M),the dark knight,Rakuten TV,3.49
3, The Dark Knight,2008,2h 32m,12A,9.0, (3M),the dark knight,Sky Store,3.49
3, The Dark Knight,2008,2h 32m,12A,9.0, (3M),the dark knight,Windows Store,3.49
3, The Dark Knight,2008,2h 32m,12A,9.0, (3M),the dark knight,Amazon,3.49
3, The Dark Knight,2008,2h 32m,12A,9.0, (3M),the dark knight,YouTube,3.49
4, The Godfather Part II,1974,3h 22m,X,9.0, (1.4M),the godfather part ii,Paramount Plus,
4, The Godfather Part II,1974,3h 22m,X,9.0, (1.4M),the godfather part ii,Sky Go,
4, The Godfather Part II,1974,3h 22m,X,9.0, (1.4M),the godfather part ii,Prime Video,
4, The Godfather Part II,1974,3h 22m,X,9.0, (1.4M),the godfather part ii,Amazon,3.49
4, The Godfather Part II,1974,3h 22m,X,9.0, (1.4M),the godfather part ii,YouTube,3.49
4, The Godfather Part II,1974,3h 22m,X,9.0, (1.4M),the godfather part ii,AppleTV,3.49
4, The Godfather Part II,1974,3h 22m,X,9.0, (1.4M),the godfather part ii,Sky Store,3.49
4, The Godfather Part II,1974,3h 22m,X,9.0, (1.4M),the godfather part ii,Windows Store,2.49
5, 12 Angry Men,1957,1h 36m,U,9.0, (935K),12 angry men,Now TV,
5, 12 Angry Men,1957,1h 36m,U,9.0, (935K),12 angry men,Amazon,3.49
5, 12 Angry Men,1957,1h 36m,U,9.0, (935K),12 angry men,Rakuten TV,3.49
5, 12 Angry Men,1957,1h 36m,U,9.0, (935K),12 angry men,AppleTV,3.49
5, 12 Angry Men,1957,1h 36m,U,9.0, (935K),12 angry men,Sky Store,3.49
5, 12 Angry Men,1957,1h 36m,U,9.0, (935K),12 angry men,YouTube,3.49
5, 12 Angry Men,1957,1h 36m,U,9.0, (935K),12 angry men,Chili,3.49
6, The Lord of the Rings: The Return of the King,2003,3h 21m,12A,9.0, (2.1M),the lord of the rings: the return of the king,Sky Go,
6, The Lord of the Rings: The Return of the King,2003,3h 21m,12A,9.0, (2.1M),the lord of the rings: the return of the king,Now TV,
6, The Lord of the Rings: The Return of the King,2003,3h 21m,12A,9.0, (2.1M),the lord of the rings: the return of the king,Amazon,3.49
6, The Lord of the Rings: The Return of the King,2003,3h 21m,12A,9.0, (2.1M),the lord of the rings: the return of the king,AppleTV,3.49
6, The Lord of the Rings: The Return of the King,2003,3h 21m,12A,9.0, (2.1M),the lord of the rings: the return of the king,Rakuten TV,3.49
6, The Lord of the Rings: The Return of the King,2003,3h 21m,12A,9.0, (2.1M),the lord of the rings: the return of the king,Sky Store,3.49
6, The Lord of the Rings: The Return of the King,2003,3h 21m,12A,9.0, (2.1M),the lord of the rings: the return of the king,YouTube,3.49
6, The Lord of the Rings: The Return of the King,2003,3h 21m,12A,9.0, (2.1M),the lord of the rings: the return of the king,Windows Store,3.49
7, Schindler's List,1993,3h 15m,15,9.0, (1.5M),schindler's list,Sky Go,
7, Schindler's List,1993,3h 15m,15,9.0, (1.5M),schindler's list,Prime Video,
7, Schindler's List,1993,3h 15m,15,9.0, (1.5M),schindler's list,Netflix,
7, Schindler's List,1993,3h 15m,15,9.0, (1.5M),schindler's list,Now TV,
7, Schindler's List,1993,3h 15m,15,9.0, (1.5M),schindler's list,Amazon,2.99
7, Schindler's List,1993,3h 15m,15,9.0, (1.5M),schindler's list,Rakuten TV,3.49
7, Schindler's List,1993,3h 15m,15,9.0, (1.5M),schindler's list,YouTube,3.49
7, Schindler's List,1993,3h 15m,15,9.0, (1.5M),schindler's list,AppleTV,3.49
7, Schindler's List,1993,3h 15m,15,9.0, (1.5M),schindler's list,Sky Store,3.49
7, Schindler's List,1993,3h 15m,15,9.0, (1.5M),schindler's list,Windows Store,2.49
8, Pulp Fiction,1994,2h 34m,18,8.8, (2.3M),pulp fiction,Paramount Plus,
8, Pulp Fiction,1994,2h 34m,18,8.8, (2.3M),pulp fiction,Amazon,3.49
8, Pulp Fiction,1994,2h 34m,18,8.8, (2.3M),pulp fiction,YouTube,3.49
8, Pulp Fiction,1994,2h 34m,18,8.8, (2.3M),pulp fiction,Rakuten TV,3.49
8, Pulp Fiction,1994,2h 34m,18,8.8, (2.3M),pulp fiction,AppleTV,3.49
8, Pulp Fiction,1994,2h 34m,18,8.8, (2.3M),pulp fiction,Sky Store,3.49
9, The Lord of the Rings: The Fellowship of the Ring,2001,2h 58m,PG,8.9, (2.1M),the lord of the rings: the fellowship of the ring,Sky Go,
9, The Lord of the Rings: The Fellowship of the Ring,2001,2h 58m,PG,8.9, (2.1M),the lord of the rings: the fellowship of the ring,Now TV,
9, The Lord of the Rings: The Fellowship of the Ring,2001,2h 58m,PG,8.9, (2.1M),the lord of the rings: the fellowship of the ring,Amazon,3.49
9, The Lord of the Rings: The Fellowship of the Ring,2001,2h 58m,PG,8.9, (2.1M),the lord of the rings: the fellowship of the ring,AppleTV,3.49
9, The Lord of the Rings: The Fellowship of the Ring,2001,2h 58m,PG,8.9, (2.1M),the lord of the rings: the fellowship of the ring,Sky Store,3.49
9, The Lord of the Rings: The Fellowship of the Ring,2001,2h 58m,PG,8.9, (2.1M),the lord of the rings: the fellowship of the ring,Rakuten TV,3.49
9, The Lord of the Rings: The Fellowship of the Ring,2001,2h 58m,PG,8.9, (2.1M),the lord of the rings: the fellowship of the ring,Windows Store,3.49
10," The Good, the Bad and the Ugly",1966,2h 28m,18,8.8, (860K),"the good, the bad and the ugly",Prime Video,
10," The Good, the Bad and the Ugly",1966,2h 28m,18,8.8, (860K),"the good, the bad and the ugly",AppleTV,3.49
10," The Good, the Bad and the Ugly",1966,2h 28m,18,8.8, (860K),"the good, the bad and the ugly",Amazon,3.49
10," The Good, the Bad and the Ugly",1966,2h 28m,18,8.8, (860K),"the good, the bad and the ugly",Sky Store,3.49
11, Forrest Gump,1994,2h 22m,12,8.8, (2.4M),forrest gump,Sky Go,
11, Forrest Gump,1994,2h 22m,12,8.8, (2.4M),forrest gump,Paramount Plus,
11, Forrest Gump,1994,2h 22m,12,8.8, (2.4M),forrest gump,Now TV,
11, Forrest Gump,1994,2h 22m,12,8.8, (2.4M),forrest gump,Amazon,3.49
11, Forrest Gump,1994,2h 22m,12,8.8, (2.4M),forrest gump,YouTube,3.49
11, Forrest Gump,1994,2h 22m,12,8.8, (2.4M),forrest gump,Rakuten TV,3.49
11, Forrest Gump,1994,2h 22m,12,8.8, (2.4M),forrest gump,AppleTV,3.49
11, Forrest Gump,1994,2h 22m,12,8.8, (2.4M),forrest gump,Sky Store,3.49
11, Forrest Gump,1994,2h 22m,12,8.8, (2.4M),forrest gump,Windows Store,2.49
12, The Lord of the Rings: The Two Towers,2002,2h 59m,12A,8.8, (1.9M),the lord of the rings: the two towers,Sky Go,
12, The Lord of the Rings: The Two Towers,2002,2h 59m,12A,8.8, (1.9M),the lord of the rings: the two towers,Now TV,
12, The Lord of the Rings: The Two Towers,2002,2h 59m,12A,8.8, (1.9M),the lord of the rings: the two towers,AppleTV,3.49
12, The Lord of the Rings: The Two Towers,2002,2h 59m,12A,8.8, (1.9M),the lord of the rings: the two towers,Amazon,3.49
12, The Lord of the Rings: The Two Towers,2002,2h 59m,12A,8.8, (1.9M),the lord of the rings: the two towers,Rakuten TV,3.49
12, The Lord of the Rings: The Two Towers,2002,2h 59m,12A,8.8, (1.9M),the lord of the rings: the two towers,Sky Store,3.49
12, The Lord of the Rings: The Two Towers,2002,2h 59m,12A,8.8, (1.9M),the lord of the rings: the two towers,YouTube,3.49
12, The Lord of the Rings: The Two Towers,2002,2h 59m,12A,8.8, (1.9M),the lord of the rings: the two towers,Windows Store,3.49
13, Fight Club,1999,2h 19m,15,8.8, (2.5M),fight club,Disney+,
13, Fight Club,1999,2h 19m,15,8.8, (2.5M),fight club,Prime Video,
13, Fight Club,1999,2h 19m,15,8.8, (2.5M),fight club,AppleTV,3.49
13, Fight Club,1999,2h 19m,15,8.8, (2.5M),fight club,YouTube,3.49
13, Fight Club,1999,2h 19m,15,8.8, (2.5M),fight club,Rakuten TV,3.45
13, Fight Club,1999,2h 19m,15,8.8, (2.5M),fight club,Windows Store,3.49
14, Inception,2010,2h 28m,12A,8.8, (2.7M),inception,Sky Go,
14, Inception,2010,2h 28m,12A,8.8, (2.7M),inception,Now TV,
14, Inception,2010,2h 28m,12A,8.8, (2.7M),inception,Amazon,3.49
14, Inception,2010,2h 28m,12A,8.8, (2.7M),inception,Rakuten TV,3.49
14, Inception,2010,2h 28m,12A,8.8, (2.7M),inception,AppleTV,3.49
14, Inception,2010,2h 28m,12A,8.8, (2.7M),inception,Sky Store,3.49
14, Inception,2010,2h 28m,12A,8.8, (2.7M),inception,YouTube,3.49
14, Inception,2010,2h 28m,12A,8.8, (2.7M),inception,Windows Store,3.49
15, Star Wars: Episode V - The Empire Strikes Back,1980,2h 4m,U,8.7, (1.5M),star wars: episode v - the empire strikes back,,
16, The Matrix,1999,2h 16m,15,8.7, (2.2M),the matrix,AppleTV,3.49
16, The Matrix,1999,2h 16m,15,8.7, (2.2M),the matrix,Amazon,3.49
16, The Matrix,1999,2h 16m,15,8.7, (2.2M),the matrix,Rakuten TV,3.49
16, The Matrix,1999,2h 16m,15,8.7, (2.2M),the matrix,Sky Store,3.49
16, The Matrix,1999,2h 16m,15,8.7, (2.2M),the matrix,Windows Store,3.49
17, GoodFellas,1990,2h 25m,18,8.7, (1.3M),goodfellas,Sky Go,
17, GoodFellas,1990,2h 25m,18,8.7, (1.3M),goodfellas,Now TV,
17, GoodFellas,1990,2h 25m,18,8.7, (1.3M),goodfellas,Amazon,3.49
17, GoodFellas,1990,2h 25m,18,8.7, (1.3M),goodfellas,Rakuten TV,3.49
17, GoodFellas,1990,2h 25m,18,8.7, (1.3M),goodfellas,AppleTV,3.49
17, GoodFellas,1990,2h 25m,18,8.7, (1.3M),goodfellas,Sky Store,3.49
17, GoodFellas,1990,2h 25m,18,8.7, (1.3M),goodfellas,YouTube,3.49
17, GoodFellas,1990,2h 25m,18,8.7, (1.3M),goodfellas,Windows Store,3.49
18, Interstellar,2014,2h 49m,12A,8.7, (2.4M),interstellar,Sky Go,
18, Interstellar,2014,2h 49m,12A,8.7, (2.4M),interstellar,Now TV,
18, Interstellar,2014,2h 49m,12A,8.7, (2.4M),interstellar,Amazon,3.49
18, Interstellar,2014,2h 49m,12A,8.7, (2.4M),interstellar,AppleTV,3.49
18, Interstellar,2014,2h 49m,12A,8.7, (2.4M),interstellar,Sky Store,3.49
18, Interstellar,2014,2h 49m,12A,8.7, (2.4M),interstellar,YouTube,3.49
18, Interstellar,2014,2h 49m,12A,8.7, (2.4M),interstellar,Rakuten TV,3.49
18, Interstellar,2014,2h 49m,12A,8.7, (2.4M),interstellar,Windows Store,3.49
19, One Flew Over the Cuckoo's Nest,1975,2h 13m,X,8.7, (1.1M),one flew over the cuckoo's nest,,
20, Seven,1995,2h 7m,18,8.6, (1.9M),seven,Disney+,
20, Seven,1995,2h 7m,18,8.6, (1.9M),seven,Now TV,
20, Seven,1995,2h 7m,18,8.6, (1.9M),seven,Sky Go,
20, Seven,1995,2h 7m,18,8.6, (1.9M),seven,Amazon,3.49
20, Seven,1995,2h 7m,18,8.6, (1.9M),seven,Rakuten TV,3.49
20, Seven,1995,2h 7m,18,8.6, (1.9M),seven,YouTube,4.49
20, Seven,1995,2h 7m,18,8.6, (1.9M),seven,AppleTV,3.49
20, Seven,1995,2h 7m,18,8.6, (1.9M),seven,Sky Store,3.49
20, Seven,1995,2h 7m,18,8.6, (1.9M),seven,BFI Player,3.5
20, Seven,1995,2h 7m,18,8.6, (1.9M),seven,Windows Store,2.49
21, It's a Wonderful Life,1946,2h 10m,U,8.6, (530K),it's a wonderful life,Prime Video,
21, It's a Wonderful Life,1946,2h 10m,U,8.6, (530K),it's a wonderful life,Now TV,
21, It's a Wonderful Life,1946,2h 10m,U,8.6, (530K),it's a wonderful life,Sky Go,
21, It's a Wonderful Life,1946,2h 10m,U,8.6, (530K),it's a wonderful life,Amazon,3.49
21, It's a Wonderful Life,1946,2h 10m,U,8.6, (530K),it's a wonderful life,YouTube,3.49
21, It's a Wonderful Life,1946,2h 10m,U,8.6, (530K),it's a wonderful life,Rakuten TV,3.49
21, It's a Wonderful Life,1946,2h 10m,U,8.6, (530K),it's a wonderful life,AppleTV,3.49
21, It's a Wonderful Life,1946,2h 10m,U,8.6, (530K),it's a wonderful life,Sky Store,3.49
21, It's a Wonderful Life,1946,2h 10m,U,8.6, (530K),it's a wonderful life,Windows Store,2.49
22, The Silence of the Lambs,1991,1h 58m,18,8.6, (1.6M),the silence of the lambs,Prime Video,
22, The Silence of the Lambs,1991,1h 58m,18,8.6, (1.6M),the silence of the lambs,YouTube,3.49
22, The Silence of the Lambs,1991,1h 58m,18,8.6, (1.6M),the silence of the lambs,Amazon,3.49
22, The Silence of the Lambs,1991,1h 58m,18,8.6, (1.6M),the silence of the lambs,AppleTV,3.49
22, The Silence of the Lambs,1991,1h 58m,18,8.6, (1.6M),the silence of the lambs,Sky Store,3.49
22, The Silence of the Lambs,1991,1h 58m,18,8.6, (1.6M),the silence of the lambs,Chili,3.49
22, The Silence of the Lambs,1991,1h 58m,18,8.6, (1.6M),the silence of the lambs,Windows Store,3.49
23, Seven Samurai,1954,3h 27m,A,8.6, (387K),seven samurai,BFI Player,
23, Seven Samurai,1954,3h 27m,A,8.6, (387K),seven samurai,AppleTV,3.49
23, Seven Samurai,1954,3h 27m,A,8.6, (387K),seven samurai,Amazon,3.49
24, Saving Private Ryan,1998,2h 49m,15,8.6, (1.6M),saving private ryan,Sky Go,
24, Saving Private Ryan,1998,2h 49m,15,8.6, (1.6M),saving private ryan,Paramount Plus,
24, Saving Private Ryan,1998,2h 49m,15,8.6, (1.6M),saving private ryan,Prime Video,
24, Saving Private Ryan,1998,2h 49m,15,8.6, (1.6M),saving private ryan,Now TV,
24, Saving Private Ryan,1998,2h 49m,15,8.6, (1.6M),saving private ryan,Amazon,3.49
24, Saving Private Ryan,1998,2h 49m,15,8.6, (1.6M),saving private ryan,YouTube,3.49
24, Saving Private Ryan,1998,2h 49m,15,8.6, (1.6M),saving private ryan,Rakuten TV,3.49
24, Saving Private Ryan,1998,2h 49m,15,8.6, (1.6M),saving private ryan,AppleTV,1.99
24, Saving Private Ryan,1998,2h 49m,15,8.6, (1.6M),saving private ryan,Sky Store,3.49
24, Saving Private Ryan,1998,2h 49m,15,8.6, (1.6M),saving private ryan,Windows Store,2.49
25, City of God,2002,2h 10m,18,8.6, (842K),city of god,Sky Store,3.49
26, The Green Mile,1999,3h 9m,18,8.6, (1.5M),the green mile,Prime Video,
26, The Green Mile,1999,3h 9m,18,8.6, (1.5M),the green mile,Amazon,3.49
26, The Green Mile,1999,3h 9m,18,8.6, (1.5M),the green mile,Rakuten TV,3.49
26, The Green Mile,1999,3h 9m,18,8.6, (1.5M),the green mile,YouTube,3.49
26, The Green Mile,1999,3h 9m,18,8.6, (1.5M),the green mile,AppleTV,3.49
26, The Green Mile,1999,3h 9m,18,8.6, (1.5M),the green mile,Sky Store,3.49
27, Life Is Beautiful,1997,1h 56m,PG,8.6, (783K),life is beautiful,Amazon,3.49
27, Life Is Beautiful,1997,1h 56m,PG,8.6, (783K),life is beautiful,Sky Store,3.49
28, Terminator 2: Judgment Day,1991,2h 17m,15,8.6, (1.2M),terminator 2: judgment day,Amazon,3.49
28, Terminator 2: Judgment Day,1991,2h 17m,15,8.6, (1.2M),terminator 2: judgment day,Rakuten TV,3.49
28, Terminator 2: Judgment Day,1991,2h 17m,15,8.6, (1.2M),terminator 2: judgment day,YouTube,4.49
28, Terminator 2: Judgment Day,1991,2h 17m,15,8.6, (1.2M),terminator 2: judgment day,AppleTV,3.49
28, Terminator 2: Judgment Day,1991,2h 17m,15,8.6, (1.2M),terminator 2: judgment day,Sky Store,3.49
29, Star Wars: Episode IV - A New Hope,1977,2h 1m,U,8.6, (1.5M),star wars: episode iv - a new hope,,
30, Back to the Future,1985,1h 56m,PG,8.5, (1.4M),back to the future,Sky Go,
30, Back to the Future,1985,1h 56m,PG,8.5, (1.4M),back to the future,Now TV,
30, Back to the Future,1985,1h 56m,PG,8.5, (1.4M),back to the future,Amazon,3.49
30, Back to the Future,1985,1h 56m,PG,8.5, (1.4M),back to the future,Rakuten TV,3.49
30, Back to the Future,1985,1h 56m,PG,8.5, (1.4M),back to the future,YouTube,3.49
30, Back to the Future,1985,1h 56m,PG,8.5, (1.4M),back to the future,AppleTV,3.49
30, Back to the Future,1985,1h 56m,PG,8.5, (1.4M),back to the future,Sky Store,3.49
30, Back to the Future,1985,1h 56m,PG,8.5, (1.4M),back to the future,Windows Store,2.49
31, Spirited Away,2001,2h 4m,PG,8.6, (918K),spirited away,Netflix,
32, The Pianist,2002,2h 30m,15,8.5, (973K),the pianist,AppleTV,3.49
32, The Pianist,2002,2h 30m,15,8.5, (973K),the pianist,Amazon,3.49
32, The Pianist,2002,2h 30m,15,8.5, (973K),the pianist,Rakuten TV,2.49
32, The Pianist,2002,2h 30m,15,8.5, (973K),the pianist,Sky Store,3.49
32, The Pianist,2002,2h 30m,15,8.5, (973K),the pianist,Windows Store,2.49
33, Gladiator,2000,2h 35m,15,8.5, (1.8M),gladiator,Paramount Plus,
33, Gladiator,2000,2h 35m,15,8.5, (1.8M),gladiator,YouTube,4.49
34, Parasite,2019,2h 12m,15,8.5, (1.1M),parasite,Netflix,
34, Parasite,2019,2h 12m,15,8.5, (1.1M),parasite,YouTube,3.49
34, Parasite,2019,2h 12m,15,8.5, (1.1M),parasite,Rakuten TV,2.99
34, Parasite,2019,2h 12m,15,8.5, (1.1M),parasite,Curzon Home Cinema,4.0
34, Parasite,2019,2h 12m,15,8.5, (1.1M),parasite,Amazon,3.49
34, Parasite,2019,2h 12m,15,8.5, (1.1M),parasite,AppleTV,3.49
34, Parasite,2019,2h 12m,15,8.5, (1.1M),parasite,BFI Player,3.5
34, Parasite,2019,2h 12m,15,8.5, (1.1M),parasite,Chili,2.49
35, Psycho,1960,1h 49m,15,8.5, (757K),psycho,AppleTV,3.49
35, Psycho,1960,1h 49m,15,8.5, (757K),psycho,Amazon,3.49
35, Psycho,1960,1h 49m,15,8.5, (757K),psycho,YouTube,3.49
35, Psycho,1960,1h 49m,15,8.5, (757K),psycho,Sky Store,3.49
35, Psycho,1960,1h 49m,15,8.5, (757K),psycho,Windows Store,2.49
36, The Lion King,1994,1h 28m,U,8.5, (1.2M),the lion king,Disney+,
36, The Lion King,1994,1h 28m,U,8.5, (1.2M),the lion king,Amazon,4.99
36, The Lion King,1994,1h 28m,U,8.5, (1.2M),the lion king,Rakuten TV,3.45
36, The Lion King,1994,1h 28m,U,8.5, (1.2M),the lion king,Sky Store,3.49
36, The Lion King,1994,1h 28m,U,8.5, (1.2M),the lion king,AppleTV,4.99
36, The Lion King,1994,1h 28m,U,8.5, (1.2M),the lion king,Windows Store,3.49
37, Grave of the Fireflies,1988,1h 28m,12A,8.5, (354K),grave of the fireflies,,
38, The Departed,2006,2h 31m,18,8.5, (1.5M),the departed,Amazon,3.49
38, The Departed,2006,2h 31m,18,8.5, (1.5M),the departed,AppleTV,3.49
38, The Departed,2006,2h 31m,18,8.5, (1.5M),the departed,Rakuten TV,3.49
38, The Departed,2006,2h 31m,18,8.5, (1.5M),the departed,YouTube,3.49
39, Whiplash,2014,1h 46m,15,8.5, (1.1M),whiplash,Sky Go,
39, Whiplash,2014,1h 46m,15,8.5, (1.1M),whiplash,Now TV,
39, Whiplash,2014,1h 46m,15,8.5, (1.1M),whiplash,Rakuten TV,3.49
39, Whiplash,2014,1h 46m,15,8.5, (1.1M),whiplash,Amazon,3.49
39, Whiplash,2014,1h 46m,15,8.5, (1.1M),whiplash,AppleTV,3.49
39, Whiplash,2014,1h 46m,15,8.5, (1.1M),whiplash,Sky Store,3.49
39, Whiplash,2014,1h 46m,15,8.5, (1.1M),whiplash,YouTube,3.49
39, Whiplash,2014,1h 46m,15,8.5, (1.1M),whiplash,Windows Store,2.49
40, Harakiri,1962,2h 13m,X,8.6, (81K),harakiri,,
41, The Prestige,2006,2h 10m,12A,8.5, (1.5M),the prestige,Prime Video,
41, The Prestige,2006,2h 10m,12A,8.5, (1.5M),the prestige,Amazon,3.49
41, The Prestige,2006,2h 10m,12A,8.5, (1.5M),the prestige,Rakuten TV,3.49
41, The Prestige,2006,2h 10m,12A,8.5, (1.5M),the prestige,AppleTV,3.49
41, The Prestige,2006,2h 10m,12A,8.5, (1.5M),the prestige,Sky Store,3.49
41, The Prestige,2006,2h 10m,12A,8.5, (1.5M),the prestige,YouTube,3.49
41, The Prestige,2006,2h 10m,12A,8.5, (1.5M),the prestige,Windows Store,3.49
42, American History X,1998,1h 59m,18,8.5, (1.2M),american history x,Amazon,3.49
42, American History X,1998,1h 59m,18,8.5, (1.2M),american history x,AppleTV,3.49
42, American History X,1998,1h 59m,18,8.5, (1.2M),american history x,Rakuten TV,3.49
42, American History X,1998,1h 59m,18,8.5, (1.2M),american history x,Sky Store,3.49
42, American History X,1998,1h 59m,18,8.5, (1.2M),american history x,Windows Store,3.49
42, American History X,1998,1h 59m,18,8.5, (1.2M),american history x,YouTube,3.49
43, Leon,1994,1h 50m,18,8.5, (1.3M),leon,Amazon,3.49
43, Leon,1994,1h 50m,18,8.5, (1.3M),leon,AppleTV,3.49
43, Leon,1994,1h 50m,18,8.5, (1.3M),leon,YouTube,3.49
43, Leon,1994,1h 50m,18,8.5, (1.3M),leon,Sky Store,3.49
44, Spider-Man: Across the Spider-Verse,2023,2h 20m,PG,8.5, (464K),spider-man: across the spider-verse,Netflix,
44, Spider-Man: Across the Spider-Verse,2023,2h 20m,PG,8.5, (464K),spider-man: across the spider-verse,Now TV,
44, Spider-Man: Across the Spider-Verse,2023,2h 20m,PG,8.5, (464K),spider-man: across the spider-verse,YouTube,3.49
44, Spider-Man: Across the Spider-Verse,2023,2h 20m,PG,8.5, (464K),spider-man: across the spider-verse,AppleTV,3.49
44, Spider-Man: Across the Spider-Verse,2023,2h 20m,PG,8.5, (464K),spider-man: across the spider-verse,Rakuten TV,4.49
44, Spider-Man: Across the Spider-Verse,2023,2h 20m,PG,8.5, (464K),spider-man: across the spider-verse,Sky Store,3.49
44, Spider-Man: Across the Spider-Verse,2023,2h 20m,PG,8.5, (464K),spider-man: across the spider-verse,Amazon,3.49
44, Spider-Man: Across the Spider-Verse,2023,2h 20m,PG,8.5, (464K),spider-man: across the spider-verse,Windows Store,2.49
45, Casablanca,1942,1h 42m,U,8.5, (635K),casablanca,AppleTV,3.49
45, Casablanca,1942,1h 42m,U,8.5, (635K),casablanca,Amazon,3.49
45, Casablanca,1942,1h 42m,U,8.5, (635K),casablanca,Windows Store,3.49
45, Casablanca,1942,1h 42m,U,8.5, (635K),casablanca,Sky Store,3.49
45, Casablanca,1942,1h 42m,U,8.5, (635K),casablanca,Rakuten TV,3.49
45, Casablanca,1942,1h 42m,U,8.5, (635K),casablanca,YouTube,3.49
46, The Usual Suspects,1995,1h 46m,18,8.5, (1.2M),the usual suspects,Amazon,3.49
46, The Usual Suspects,1995,1h 46m,18,8.5, (1.2M),the usual suspects,AppleTV,3.49
46, The Usual Suspects,1995,1h 46m,18,8.5, (1.2M),the usual suspects,Sky Store,3.49
46, The Usual Suspects,1995,1h 46m,18,8.5, (1.2M),the usual suspects,YouTube,3.49
46, The Usual Suspects,1995,1h 46m,18,8.5, (1.2M),the usual suspects,Windows Store,3.49
47, Cinema Paradiso,1988,2h 54m,PG,8.5, (303K),cinema paradiso,AppleTV,3.49
47, Cinema Paradiso,1988,2h 54m,PG,8.5, (303K),cinema paradiso,Amazon,3.49
47, Cinema Paradiso,1988,2h 54m,PG,8.5, (303K),cinema paradiso,Rakuten TV,3.49
47, Cinema Paradiso,1988,2h 54m,PG,8.5, (303K),cinema paradiso,Curzon Home Cinema,4.0
48, Untouchable,2011,1h 52m,15,8.5, (985K),untouchable,Paramount Plus,
48, Untouchable,2011,1h 52m,15,8.5, (985K),untouchable,Amazon,3.49
48, Untouchable,2011,1h 52m,15,8.5, (985K),untouchable,YouTube,3.49
48, Untouchable,2011,1h 52m,15,8.5, (985K),untouchable,Rakuten TV,3.49
48, Untouchable,2011,1h 52m,15,8.5, (985K),untouchable,AppleTV,3.49
48, Untouchable,2011,1h 52m,15,8.5, (985K),untouchable,Sky Store,3.49
48, Untouchable,2011,1h 52m,15,8.5, (985K),untouchable,Windows Store,2.49
49, Alien,1979,1h 57m,X,8.5, (1M),alien,Disney+,
49, Alien,1979,1h 57m,X,8.5, (1M),alien,Amazon,4.49
49, Alien,1979,1h 57m,X,8.5, (1M),alien,Sky Store,4.99
49, Alien,1979,1h 57m,X,8.5, (1M),alien,AppleTV,4.49
49, Alien,1979,1h 57m,X,8.5, (1M),alien,YouTube,4.49
49, Alien,1979,1h 57m,X,8.5, (1M),alien,Rakuten TV,5.49
49, Alien,1979,1h 57m,X,8.5, (1M),alien,Windows Store,4.49
50, Modern Times,1936,1h 27m,U,8.5, (275K),modern times,Now TV,
50, Modern Times,1936,1h 27m,U,8.5, (275K),modern times,Prime Video,
50, Modern Times,1936,1h 27m,U,8.5, (275K),modern times,AppleTV,3.49
50, Modern Times,1936,1h 27m,U,8.5, (275K),modern times,Amazon,3.49
51, Rear Window,1954,1h 52m,A,8.5, (550K),rear window,Now TV,
51, Rear Window,1954,1h 52m,A,8.5, (550K),rear window,Amazon,3.49
51, Rear Window,1954,1h 52m,A,8.5, (550K),rear window,YouTube,3.49
51, Rear Window,1954,1h 52m,A,8.5, (550K),rear window,AppleTV,3.49
51, Rear Window,1954,1h 52m,A,8.5, (550K),rear window,Rakuten TV,3.49
51, Rear Window,1954,1h 52m,A,8.5, (550K),rear window,Sky Store,3.49
51, Rear Window,1954,1h 52m,A,8.5, (550K),rear window,Windows Store,2.49
52, Once Upon a Time in the West,1968,2h 46m,12,8.5, (371K),once upon a time in the west,AppleTV,4.99
52, Once Upon a Time in the West,1968,2h 46m,12,8.5, (371K),once upon a time in the west,Amazon,3.99
52, Once Upon a Time in the West,1968,2h 46m,12,8.5, (371K),once upon a time in the west,YouTube,3.49
52, Once Upon a Time in the West,1968,2h 46m,12,8.5, (371K),once upon a time in the west,Sky Store,3.49
53, Django Unchained,2012,2h 45m,18,8.5, (1.8M),django unchained,Netflix,
53, Django Unchained,2012,2h 45m,18,8.5, (1.8M),django unchained,Sky Go,
53, Django Unchained,2012,2h 45m,18,8.5, (1.8M),django unchained,Amazon,3.49
53, Django Unchained,2012,2h 45m,18,8.5, (1.8M),django unchained,Rakuten TV,3.49
53, Django Unchained,2012,2h 45m,18,8.5, (1.8M),django unchained,AppleTV,3.49
53, Django Unchained,2012,2h 45m,18,8.5, (1.8M),django unchained,Sky Store,3.49
53, Django Unchained,2012,2h 45m,18,8.5, (1.8M),django unchained,Windows Store,2.49
54, City Lights,1931,1h 27m,U,8.5, (208K),city lights,Now TV,
54, City Lights,1931,1h 27m,U,8.5, (208K),city lights,Prime Video,
54, City Lights,1931,1h 27m,U,8.5, (208K),city lights,AppleTV,3.49
54, City Lights,1931,1h 27m,U,8.5, (208K),city lights,Amazon,3.49
55, Apocalypse Now,1979,2h 27m,X,8.4, (746K),apocalypse now,Sky Store,3.49
55, Apocalypse Now,1979,2h 27m,X,8.4, (746K),apocalypse now,Rakuten TV,2.49
55, Apocalypse Now,1979,2h 27m,X,8.4, (746K),apocalypse now,Amazon,3.49
55, Apocalypse Now,1979,2h 27m,X,8.4, (746K),apocalypse now,AppleTV,3.49
55, Apocalypse Now,1979,2h 27m,X,8.4, (746K),apocalypse now,Windows Store,3.49
55, Apocalypse Now,1979,2h 27m,X,8.4, (746K),apocalypse now,BFI Player,3.5
56, WALL·E,2008,1h 38m,U,8.4, (1.3M),wall·e,Disney+,
56, WALL·E,2008,1h 38m,U,8.4, (1.3M),wall·e,Amazon,3.49
56, WALL·E,2008,1h 38m,U,8.4, (1.3M),wall·e,AppleTV,3.49
56, WALL·E,2008,1h 38m,U,8.4, (1.3M),wall·e,Rakuten TV,3.45
56, WALL·E,2008,1h 38m,U,8.4, (1.3M),wall·e,Sky Store,3.49
57, Dune: Part Two,2024,2h 46m,12A,8.5, (645K),dune: part two,Sky Go,
57, Dune: Part Two,2024,2h 46m,12A,8.5, (645K),dune: part two,Now TV,
58, Memento,2000,1h 53m,15,8.4, (1.4M),memento,AppleTV,1.99
58, Memento,2000,1h 53m,15,8.4, (1.4M),memento,YouTube,3.49
58, Memento,2000,1h 53m,15,8.4, (1.4M),memento,Sky Store,3.49
58, Memento,2000,1h 53m,15,8.4, (1.4M),memento,Chili,2.49
58, Memento,2000,1h 53m,15,8.4, (1.4M),memento,Windows Store,1.99
59, Raiders of the Lost Ark,1981,1h 55m,A,8.4, (1.1M),raiders of the lost ark,Netflix,
59, Raiders of the Lost Ark,1981,1h 55m,A,8.4, (1.1M),raiders of the lost ark,Prime Video,
59, Raiders of the Lost Ark,1981,1h 55m,A,8.4, (1.1M),raiders of the lost ark,Sky Go,
59, Raiders of the Lost Ark,1981,1h 55m,A,8.4, (1.1M),raiders of the lost ark,Amazon,3.49
59, Raiders of the Lost Ark,1981,1h 55m,A,8.4, (1.1M),raiders of the lost ark,YouTube,3.49
59, Raiders of the Lost Ark,1981,1h 55m,A,8.4, (1.1M),raiders of the lost ark,Rakuten TV,3.49
59, Raiders of the Lost Ark,1981,1h 55m,A,8.4, (1.1M),raiders of the lost ark,AppleTV,3.49
59, Raiders of the Lost Ark,1981,1h 55m,A,8.4, (1.1M),raiders of the lost ark,Sky Store,3.49
59, Raiders of the Lost Ark,1981,1h 55m,A,8.4, (1.1M),raiders of the lost ark,Windows Store,2.49
60, The Lives of Others,2006,2h 17m,15,8.4, (430K),the lives of others,,
61, Avengers: Infinity War,2018,2h 29m,12A,8.4, (1.3M),avengers: infinity war,Disney+,
61, Avengers: Infinity War,2018,2h 29m,12A,8.4, (1.3M),avengers: infinity war,Amazon,3.49
61, Avengers: Infinity War,2018,2h 29m,12A,8.4, (1.3M),avengers: infinity war,AppleTV,3.49
61, Avengers: Infinity War,2018,2h 29m,12A,8.4, (1.3M),avengers: infinity war,Sky Store,3.49
61, Avengers: Infinity War,2018,2h 29m,12A,8.4, (1.3M),avengers: infinity war,YouTube,3.49
61, Avengers: Infinity War,2018,2h 29m,12A,8.4, (1.3M),avengers: infinity war,Windows Store,3.49
61, Avengers: Infinity War,2018,2h 29m,12A,8.4, (1.3M),avengers: infinity war,Rakuten TV,3.45
62, Sunset Blvd.,1950,1h 50m,PG,8.4, (250K),sunset blvd.,,
63, Spider-Man: Into the Spider-Verse,2018,1h 57m,PG,8.4, (738K),spider-man: into the spider-verse,Netflix,
63, Spider-Man: Into the Spider-Verse,2018,1h 57m,PG,8.4, (738K),spider-man: into the spider-verse,Rakuten TV,4.49
63, Spider-Man: Into the Spider-Verse,2018,1h 57m,PG,8.4, (738K),spider-man: into the spider-verse,Amazon,4.99
63, Spider-Man: Into the Spider-Verse,2018,1h 57m,PG,8.4, (738K),spider-man: into the spider-verse,AppleTV,4.99
63, Spider-Man: Into the Spider-Verse,2018,1h 57m,PG,8.4, (738K),spider-man: into the spider-verse,Sky Store,3.49
63, Spider-Man: Into the Spider-Verse,2018,1h 57m,PG,8.4, (738K),spider-man: into the spider-verse,YouTube,3.49
63, Spider-Man: Into the Spider-Verse,2018,1h 57m,PG,8.4, (738K),spider-man: into the spider-verse,Windows Store,2.49
64, Witness for the Prosecution,1957,1h 56m,U,8.4, (151K),witness for the prosecution,AppleTV,3.49
64, Witness for the Prosecution,1957,1h 56m,U,8.4, (151K),witness for the prosecution,Amazon,3.49
64, Witness for the Prosecution,1957,1h 56m,U,8.4, (151K),witness for the prosecution,Rakuten TV,3.49
64, Witness for the Prosecution,1957,1h 56m,U,8.4, (151K),witness for the prosecution,Chili,3.49
64, Witness for the Prosecution,1957,1h 56m,U,8.4, (151K),witness for the prosecution,Sky Store,3.49
64, Witness for the Prosecution,1957,1h 56m,U,8.4, (151K),witness for the prosecution,YouTube,3.49
65, Paths of Glory,1957,1h 28m,PG,8.4, (227K),paths of glory,AppleTV,3.49
65, Paths of Glory,1957,1h 28m,PG,8.4, (227K),paths of glory,Amazon,3.49
65, Paths of Glory,1957,1h 28m,PG,8.4, (227K),paths of glory,Chili,3.49
65, Paths of Glory,1957,1h 28m,PG,8.4, (227K),paths of glory,Sky Store,3.49
65, Paths of Glory,1957,1h 28m,PG,8.4, (227K),paths of glory,Rakuten TV,3.49
65, Paths of Glory,1957,1h 28m,PG,8.4, (227K),paths of glory,YouTube,3.49
66, The Shining,1980,2h 26m,X,8.4, (1.2M),the shining,AppleTV,3.49
66, The Shining,1980,2h 26m,X,8.4, (1.2M),the shining,Amazon,3.49
66, The Shining,1980,2h 26m,X,8.4, (1.2M),the shining,Rakuten TV,3.49
66, The Shining,1980,2h 26m,X,8.4, (1.2M),the shining,Sky Store,3.49
66, The Shining,1980,2h 26m,X,8.4, (1.2M),the shining,YouTube,3.49
66, The Shining,1980,2h 26m,X,8.4, (1.2M),the shining,Windows Store,3.49
67, The Great Dictator,1940,2h 5m,U,8.4, (250K),the great dictator,Now TV,
67, The Great Dictator,1940,2h 5m,U,8.4, (250K),the great dictator,Amazon,4.49
67, The Great Dictator,1940,2h 5m,U,8.4, (250K),the great dictator,AppleTV,3.49
68, 12th Fail,2023,2h 27m,12A,8.7, (151K),12th fail,Netflix,
69, Inglourious Basterds,2009,2h 33m,18,8.4, (1.7M),inglourious basterds,Netflix,
69, Inglourious Basterds,2009,2h 33m,18,8.4, (1.7M),inglourious basterds,Amazon,3.49
69, Inglourious Basterds,2009,2h 33m,18,8.4, (1.7M),inglourious basterds,Rakuten TV,3.49
69, Inglourious Basterds,2009,2h 33m,18,8.4, (1.7M),inglourious basterds,YouTube,3.49
69, Inglourious Basterds,2009,2h 33m,18,8.4, (1.7M),inglourious basterds,AppleTV,3.49
69, Inglourious Basterds,2009,2h 33m,18,8.4, (1.7M),inglourious basterds,Sky Store,3.49
69, Inglourious Basterds,2009,2h 33m,18,8.4, (1.7M),inglourious basterds,Windows Store,2.49
70, Aliens,1986,2h 17m,18,8.4, (813K),aliens,Disney+,
70, Aliens,1986,2h 17m,18,8.4, (813K),aliens,Amazon,3.49
70, Aliens,1986,2h 17m,18,8.4, (813K),aliens,AppleTV,3.49
70, Aliens,1986,2h 17m,18,8.4, (813K),aliens,Rakuten TV,3.45
70, Aliens,1986,2h 17m,18,8.4, (813K),aliens,Windows Store,3.49
70, Aliens,1986,2h 17m,18,8.4, (813K),aliens,Sky Store,3.49
70, Aliens,1986,2h 17m,18,8.4, (813K),aliens,YouTube,3.49
71, The Dark Knight Rises,2012,2h 44m,12A,8.4, (1.9M),the dark knight rises,Prime Video,
71, The Dark Knight Rises,2012,2h 44m,12A,8.4, (1.9M),the dark knight rises,AppleTV,3.49
71, The Dark Knight Rises,2012,2h 44m,12A,8.4, (1.9M),the dark knight rises,Rakuten TV,3.49
71, The Dark Knight Rises,2012,2h 44m,12A,8.4, (1.9M),the dark knight rises,Sky Store,3.49
71, The Dark Knight Rises,2012,2h 44m,12A,8.4, (1.9M),the dark knight rises,Windows Store,3.49
71, The Dark Knight Rises,2012,2h 44m,12A,8.4, (1.9M),the dark knight rises,Amazon,3.49
71, The Dark Knight Rises,2012,2h 44m,12A,8.4, (1.9M),the dark knight rises,YouTube,3.49
72, Coco,2017,1h 45m,PG,8.4, (657K),coco,Disney+,
72, Coco,2017,1h 45m,PG,8.4, (657K),coco,Amazon,3.49
72, Coco,2017,1h 45m,PG,8.4, (657K),coco,AppleTV,3.49
72, Coco,2017,1h 45m,PG,8.4, (657K),coco,Rakuten TV,3.45
72, Coco,2017,1h 45m,PG,8.4, (657K),coco,Sky Store,3.49
72, Coco,2017,1h 45m,PG,8.4, (657K),coco,Windows Store,3.49
73, Amadeus,1984,2h 40m,PG,8.4, (451K),amadeus,,
74, Toy Story,1995,1h 21m,PG,8.3, (1.1M),toy story,Disney+,
74, Toy Story,1995,1h 21m,PG,8.3, (1.1M),toy story,Amazon,3.49
74, Toy Story,1995,1h 21m,PG,8.3, (1.1M),toy story,Sky Store,3.49
74, Toy Story,1995,1h 21m,PG,8.3, (1.1M),toy story,AppleTV,2.99
74, Toy Story,1995,1h 21m,PG,8.3, (1.1M),toy story,YouTube,3.49
74, Toy Story,1995,1h 21m,PG,8.3, (1.1M),toy story,Windows Store,3.49
74, Toy Story,1995,1h 21m,PG,8.3, (1.1M),toy story,Rakuten TV,3.45
75, Avengers: Endgame,2019,3h 1m,12A,8.4, (1.4M),avengers: endgame,Disney+,
75, Avengers: Endgame,2019,3h 1m,12A,8.4, (1.4M),avengers: endgame,Amazon,4.99
75, Avengers: Endgame,2019,3h 1m,12A,8.4, (1.4M),avengers: endgame,AppleTV,4.99
75, Avengers: Endgame,2019,3h 1m,12A,8.4, (1.4M),avengers: endgame,YouTube,3.49
75, Avengers: Endgame,2019,3h 1m,12A,8.4, (1.4M),avengers: endgame,Rakuten TV,3.45
75, Avengers: Endgame,2019,3h 1m,12A,8.4, (1.4M),avengers: endgame,Sky Store,3.49
75, Avengers: Endgame,2019,3h 1m,12A,8.4, (1.4M),avengers: endgame,Windows Store,3.49
76, Good Will Hunting,1997,2h 6m,15,8.3, (1.1M),good will hunting,Paramount Plus,
76, Good Will Hunting,1997,2h 6m,15,8.3, (1.1M),good will hunting,Amazon,3.49
76, Good Will Hunting,1997,2h 6m,15,8.3, (1.1M),good will hunting,Rakuten TV,3.49
76, Good Will Hunting,1997,2h 6m,15,8.3, (1.1M),good will hunting,YouTube,3.49
76, Good Will Hunting,1997,2h 6m,15,8.3, (1.1M),good will hunting,AppleTV,3.49
76, Good Will Hunting,1997,2h 6m,15,8.3, (1.1M),good will hunting,Sky Store,3.49
76, Good Will Hunting,1997,2h 6m,15,8.3, (1.1M),good will hunting,Windows Store,2.49
77, Oldboy,2003,2h,18,8.3, (684K),oldboy,Shudder,
77, Oldboy,2003,2h,18,8.3, (684K),oldboy,BFI Player,
77, Oldboy,2003,2h,18,8.3, (684K),oldboy,Sky Go,
77, Oldboy,2003,2h,18,8.3, (684K),oldboy,Amazon,3.49
77, Oldboy,2003,2h,18,8.3, (684K),oldboy,Curzon Home Cinema,4.0
77, Oldboy,2003,2h,18,8.3, (684K),oldboy,AppleTV,3.49
78, Dr. Strangelove or: How I Learned to Stop Worrying and Love the Bomb,1964,1h 35m,A,8.3, (540K),dr. strangelove or: how i learned to stop worrying and love the bomb,AppleTV,3.49
78, Dr. Strangelove or: How I Learned to Stop Worrying and Love the Bomb,1964,1h 35m,A,8.3, (540K),dr. strangelove or: how i learned to stop worrying and love the bomb,Amazon,3.49
78, Dr. Strangelove or: How I Learned to Stop Worrying and Love the Bomb,1964,1h 35m,A,8.3, (540K),dr. strangelove or: how i learned to stop worrying and love the bomb,Rakuten TV,3.49
78, Dr. Strangelove or: How I Learned to Stop Worrying and Love the Bomb,1964,1h 35m,A,8.3, (540K),dr. strangelove or: how i learned to stop worrying and love the bomb,Sky Store,3.49
78, Dr. Strangelove or: How I Learned to Stop Worrying and Love the Bomb,1964,1h 35m,A,8.3, (540K),dr. strangelove or: how i learned to stop worrying and love the bomb,Windows Store,2.49
78, Dr. Strangelove or: How I Learned to Stop Worrying and Love the Bomb,1964,1h 35m,A,8.3, (540K),dr. strangelove or: how i learned to stop worrying and love the bomb,YouTube,3.49
79, Das Boot,1981,2h 29m,AA,8.4, (280K),das boot,BFI Player,
79, Das Boot,1981,2h 29m,AA,8.4, (280K),das boot,AppleTV,3.49
79, Das Boot,1981,2h 29m,AA,8.4, (280K),das boot,Sky Store,3.49
79, Das Boot,1981,2h 29m,AA,8.4, (280K),das boot,Amazon,3.49
79, Das Boot,1981,2h 29m,AA,8.4, (280K),das boot,Windows Store,2.49
80, Braveheart,1995,2h 58m,15,8.3, (1.1M),braveheart,Disney+,
80, Braveheart,1995,2h 58m,15,8.3, (1.1M),braveheart,Amazon,3.49
80, Braveheart,1995,2h 58m,15,8.3, (1.1M),braveheart,Rakuten TV,3.45
80, Braveheart,1995,2h 58m,15,8.3, (1.1M),braveheart,AppleTV,3.49
80, Braveheart,1995,2h 58m,15,8.3, (1.1M),braveheart,Sky Store,3.49
80, Braveheart,1995,2h 58m,15,8.3, (1.1M),braveheart,YouTube,3.49
80, Braveheart,1995,2h 58m,15,8.3, (1.1M),braveheart,Windows Store,3.49
81, High and Low,1963,2h 23m,12,8.4, (61K),high and low,BFI Player,
81, High and Low,1963,2h 23m,12,8.4, (61K),high and low,Amazon,3.49
81, High and Low,1963,2h 23m,12,8.4, (61K),high and low,AppleTV,5.49
82, American Beauty,1999,2h 2m,18,8.3, (1.3M),american beauty,Paramount Plus,
82, American Beauty,1999,2h 2m,18,8.3, (1.3M),american beauty,AppleTV,3.49
82, American Beauty,1999,2h 2m,18,8.3, (1.3M),american beauty,YouTube,3.49
82, American Beauty,1999,2h 2m,18,8.3, (1.3M),american beauty,Rakuten TV,3.49
82, American Beauty,1999,2h 2m,18,8.3, (1.3M),american beauty,Amazon,3.49
82, American Beauty,1999,2h 2m,18,8.3, (1.3M),american beauty,Sky Store,3.49
82, American Beauty,1999,2h 2m,18,8.3, (1.3M),american beauty,Windows Store,2.49
83, Princess Mononoke,1997,2h 13m,PG,8.3, (463K),princess mononoke,Netflix,
84, Your Name.,2016,1h 46m,12A,8.4, (362K),your name.,Amazon,1.99
84, Your Name.,2016,1h 46m,12A,8.4, (362K),your name.,AppleTV,1.99
84, Your Name.,2016,1h 46m,12A,8.4, (362K),your name.,Chili,2.49
84, Your Name.,2016,1h 46m,12A,8.4, (362K),your name.,Windows Store,2.49
84, Your Name.,2016,1h 46m,12A,8.4, (362K),your name.,YouTube,3.49
84, Your Name.,2016,1h 46m,12A,8.4, (362K),your name.,Rakuten TV,2.49
85, 3 Idiots,2009,2h 50m,12A,8.4, (462K),3 idiots,YouTube,2.99
85, 3 Idiots,2009,2h 50m,12A,8.4, (462K),3 idiots,AppleTV,3.49
85, 3 Idiots,2009,2h 50m,12A,8.4, (462K),3 idiots,Amazon,3.49
86, Joker,2019,2h 2m,15,8.3, (1.6M),joker,Amazon,4.99
86, Joker,2019,2h 2m,15,8.3, (1.6M),joker,Rakuten TV,5.49
86, Joker,2019,2h 2m,15,8.3, (1.6M),joker,AppleTV,4.99
86, Joker,2019,2h 2m,15,8.3, (1.6M),joker,Sky Store,4.99
86, Joker,2019,2h 2m,15,8.3, (1.6M),joker,YouTube,5.49
86, Joker,2019,2h 2m,15,8.3, (1.6M),joker,Windows Store,5.49
87, Capernaum,2018,2h 6m,15,8.4, (117K),capernaum,Amazon,3.49
87, Capernaum,2018,2h 6m,15,8.4, (117K),capernaum,AppleTV,3.49
87, Capernaum,2018,2h 6m,15,8.4, (117K),capernaum,YouTube,3.49
87, Capernaum,2018,2h 6m,15,8.4, (117K),capernaum,Sky Store,3.49
87, Capernaum,2018,2h 6m,15,8.4, (117K),capernaum,Windows Store,2.49
87, Capernaum,2018,2h 6m,15,8.4, (117K),capernaum,BFI Player,3.5
88, Once Upon a Time in America,1984,3h 49m,18,8.3, (397K),once upon a time in america,Disney+,
88, Once Upon a Time in America,1984,3h 49m,18,8.3, (397K),once upon a time in america,Prime Video,
88, Once Upon a Time in America,1984,3h 49m,18,8.3, (397K),once upon a time in america,AppleTV,3.49
88, Once Upon a Time in America,1984,3h 49m,18,8.3, (397K),once upon a time in america,Amazon,3.49
88, Once Upon a Time in America,1984,3h 49m,18,8.3, (397K),once upon a time in america,Rakuten TV,3.45
88, Once Upon a Time in America,1984,3h 49m,18,8.3, (397K),once upon a time in america,YouTube,3.49
88, Once Upon a Time in America,1984,3h 49m,18,8.3, (397K),once upon a time in america,Windows Store,3.49
89, Singin' in the Rain,1952,1h 43m,U,8.3, (274K),singin' in the rain,Now TV,
89, Singin' in the Rain,1952,1h 43m,U,8.3, (274K),singin' in the rain,Amazon,3.49
89, Singin' in the Rain,1952,1h 43m,U,8.3, (274K),singin' in the rain,AppleTV,3.49
89, Singin' in the Rain,1952,1h 43m,U,8.3, (274K),singin' in the rain,Sky Store,3.49
89, Singin' in the Rain,1952,1h 43m,U,8.3, (274K),singin' in the rain,Windows Store,3.49
89, Singin' in the Rain,1952,1h 43m,U,8.3, (274K),singin' in the rain,Rakuten TV,3.49
89, Singin' in the Rain,1952,1h 43m,U,8.3, (274K),singin' in the rain,YouTube,3.49
90, Come and See,1985,2h 22m,15,8.3, (114K),come and see,,
91, Requiem for a Dream,2000,1h 42m,18,8.3, (944K),requiem for a dream,Prime Video,
91, Requiem for a Dream,2000,1h 42m,18,8.3, (944K),requiem for a dream,Amazon,3.49
91, Requiem for a Dream,2000,1h 42m,18,8.3, (944K),requiem for a dream,AppleTV,3.49
91, Requiem for a Dream,2000,1h 42m,18,8.3, (944K),requiem for a dream,Sky Store,3.49
91, Requiem for a Dream,2000,1h 42m,18,8.3, (944K),requiem for a dream,Rakuten TV,2.99
91, Requiem for a Dream,2000,1h 42m,18,8.3, (944K),requiem for a dream,Curzon Home Cinema,4.0
91, Requiem for a Dream,2000,1h 42m,18,8.3, (944K),requiem for a dream,YouTube,3.49
91, Requiem for a Dream,2000,1h 42m,18,8.3, (944K),requiem for a dream,Windows Store,2.49
92, Star Wars: Episode VI - Return of the Jedi,1983,2h 11m,U,8.3, (1.2M),star wars: episode vi - return of the jedi,,
93, Toy Story 3,2010,1h 43m,U,8.3, (937K),toy story 3,Disney+,
93, Toy Story 3,2010,1h 43m,U,8.3, (937K),toy story 3,Amazon,3.49
93, Toy Story 3,2010,1h 43m,U,8.3, (937K),toy story 3,Sky Store,3.49
93, Toy Story 3,2010,1h 43m,U,8.3, (937K),toy story 3,AppleTV,3.49
93, Toy Story 3,2010,1h 43m,U,8.3, (937K),toy story 3,YouTube,3.49
93, Toy Story 3,2010,1h 43m,U,8.3, (937K),toy story 3,Rakuten TV,3.45
94, Ikiru,1952,2h 23m,A,8.3, (97K),ikiru,BFI Player,
94, Ikiru,1952,2h 23m,A,8.3, (97K),ikiru,Amazon,3.49
94, Ikiru,1952,2h 23m,A,8.3, (97K),ikiru,AppleTV,5.49
95, The Hunt,2012,1h 55m,15,8.3, (391K),the hunt,Amazon,3.49
95, The Hunt,2012,1h 55m,15,8.3, (391K),the hunt,YouTube,3.49
95, The Hunt,2012,1h 55m,15,8.3, (391K),the hunt,Rakuten TV,4.49
95, The Hunt,2012,1h 55m,15,8.3, (391K),the hunt,AppleTV,3.49
95, The Hunt,2012,1h 55m,15,8.3, (391K),the hunt,Sky Store,3.49
95, The Hunt,2012,1h 55m,15,8.3, (391K),the hunt,Windows Store,2.49
96, Eternal Sunshine of the Spotless Mind,2004,1h 48m,15,8.3, (1.1M),eternal sunshine of the spotless mind,Sky Go,
96, Eternal Sunshine of the Spotless Mind,2004,1h 48m,15,8.3, (1.1M),eternal sunshine of the spotless mind,Now TV,
96, Eternal Sunshine of the Spotless Mind,2004,1h 48m,15,8.3, (1.1M),eternal sunshine of the spotless mind,Sky Store,3.49
96, Eternal Sunshine of the Spotless Mind,2004,1h 48m,15,8.3, (1.1M),eternal sunshine of the spotless mind,Amazon,2.49
96, Eternal Sunshine of the Spotless Mind,2004,1h 48m,15,8.3, (1.1M),eternal sunshine of the spotless mind,AppleTV,3.49
96, Eternal Sunshine of the Spotless Mind,2004,1h 48m,15,8.3, (1.1M),eternal sunshine of the spotless mind,YouTube,3.49
97, Incendies,2010,2h 11m,15,8.3, (231K),incendies,Amazon,1.99
97, Incendies,2010,2h 11m,15,8.3, (231K),incendies,YouTube,3.49
97, Incendies,2010,2h 11m,15,8.3, (231K),incendies,Rakuten TV,2.49
97, Incendies,2010,2h 11m,15,8.3, (231K),incendies,Sky Store,3.49
97, Incendies,2010,2h 11m,15,8.3, (231K),incendies,AppleTV,1.99
98, 2001: A Space Odyssey,1968,2h 29m,U,8.3, (757K),2001: a space odyssey,AppleTV,3.49
98, 2001: A Space Odyssey,1968,2h 29m,U,8.3, (757K),2001: a space odyssey,Amazon,3.49
98, 2001: A Space Odyssey,1968,2h 29m,U,8.3, (757K),2001: a space odyssey,Rakuten TV,3.49
98, 2001: A Space Odyssey,1968,2h 29m,U,8.3, (757K),2001: a space odyssey,Windows Store,3.49
98, 2001: A Space Odyssey,1968,2h 29m,U,8.3, (757K),2001: a space odyssey,Sky Store,3.49
98, 2001: A Space Odyssey,1968,2h 29m,U,8.3, (757K),2001: a space odyssey,YouTube,3.49
99, The Apartment,1960,2h 5m,A,8.3, (210K),the apartment,Now TV,
99, The Apartment,1960,2h 5m,A,8.3, (210K),the apartment,Sky Go,
99, The Apartment,1960,2h 5m,A,8.3, (210K),the apartment,Amazon,3.49
99, The Apartment,1960,2h 5m,A,8.3, (210K),the apartment,Rakuten TV,3.49
99, The Apartment,1960,2h 5m,A,8.3, (210K),the apartment,AppleTV,3.49
99, The Apartment,1960,2h 5m,A,8.3, (210K),the apartment,Sky Store,3.49
99, The Apartment,1960,2h 5m,A,8.3, (210K),the apartment,YouTube,3.49
99, The Apartment,1960,2h 5m,A,8.3, (210K),the apartment,Chili,3.49
100, Reservoir Dogs,1992,1h 39m,18,8.3, (1.1M),reservoir dogs,Netflix,
100, Reservoir Dogs,1992,1h 39m,18,8.3, (1.1M),reservoir dogs,YouTube,3.49
100, Reservoir Dogs,1992,1h 39m,18,8.3, (1.1M),reservoir dogs,Amazon,3.49
100, Reservoir Dogs,1992,1h 39m,18,8.3, (1.1M),reservoir dogs,Rakuten TV,3.49
100, Reservoir Dogs,1992,1h 39m,18,8.3, (1.1M),reservoir dogs,AppleTV,3.49
100, Reservoir Dogs,1992,1h 39m,18,8.3, (1.1M),reservoir dogs,Sky Store,3.49
100, Reservoir Dogs,1992,1h 39m,18,8.3, (1.1M),reservoir dogs,BFI Player,3.5
101, Lawrence of Arabia,1962,3h 47m,PG,8.3, (331K),lawrence of arabia,Prime Video,
101, Lawrence of Arabia,1962,3h 47m,PG,8.3, (331K),lawrence of arabia,AppleTV,3.49
101, Lawrence of Arabia,1962,3h 47m,PG,8.3, (331K),lawrence of arabia,Amazon,3.49
101, Lawrence of Arabia,1962,3h 47m,PG,8.3, (331K),lawrence of arabia,YouTube,3.49
101, Lawrence of Arabia,1962,3h 47m,PG,8.3, (331K),lawrence of arabia,Sky Store,3.49
101, Lawrence of Arabia,1962,3h 47m,PG,8.3, (331K),lawrence of arabia,Windows Store,2.49
102, Scarface,1983,2h 50m,18,8.3, (973K),scarface,Netflix,
102, Scarface,1983,2h 50m,18,8.3, (973K),scarface,Amazon,3.49
102, Scarface,1983,2h 50m,18,8.3, (973K),scarface,YouTube,3.49
102, Scarface,1983,2h 50m,18,8.3, (973K),scarface,Rakuten TV,3.49
102, Scarface,1983,2h 50m,18,8.3, (973K),scarface,AppleTV,3.49
102, Scarface,1983,2h 50m,18,8.3, (973K),scarface,Windows Store,2.49
103, Double Indemnity,1944,1h 47m,A,8.3, (176K),double indemnity,AppleTV,3.49
103, Double Indemnity,1944,1h 47m,A,8.3, (176K),double indemnity,Amazon,3.49
103, Double Indemnity,1944,1h 47m,A,8.3, (176K),double indemnity,YouTube,3.49
103, Double Indemnity,1944,1h 47m,A,8.3, (176K),double indemnity,Sky Store,3.49
103, Double Indemnity,1944,1h 47m,A,8.3, (176K),double indemnity,Rakuten TV,3.49
104, Heat,1995,2h 50m,15,8.3, (764K),heat,Disney+,
104, Heat,1995,2h 50m,15,8.3, (764K),heat,AppleTV,3.49
104, Heat,1995,2h 50m,15,8.3, (764K),heat,Amazon,3.49
104, Heat,1995,2h 50m,15,8.3, (764K),heat,Rakuten TV,3.45
104, Heat,1995,2h 50m,15,8.3, (764K),heat,Sky Store,3.49
104, Heat,1995,2h 50m,15,8.3, (764K),heat,Windows Store,3.49
104, Heat,1995,2h 50m,15,8.3, (764K),heat,YouTube,3.49
105, North by Northwest,1959,2h 16m,A,8.3, (362K),north by northwest,AppleTV,3.49
105, North by Northwest,1959,2h 16m,A,8.3, (362K),north by northwest,Amazon,3.49
105, North by Northwest,1959,2h 16m,A,8.3, (362K),north by northwest,Rakuten TV,3.49
105, North by Northwest,1959,2h 16m,A,8.3, (362K),north by northwest,Windows Store,3.49
105, North by Northwest,1959,2h 16m,A,8.3, (362K),north by northwest,Sky Store,3.49
105, North by Northwest,1959,2h 16m,A,8.3, (362K),north by northwest,YouTube,3.49
106, Up,2009,1h 36m,U,8.3, (1.2M),up,Disney+,
106, Up,2009,1h 36m,U,8.3, (1.2M),up,Sky Store,3.49
106, Up,2009,1h 36m,U,8.3, (1.2M),up,AppleTV,3.49
106, Up,2009,1h 36m,U,8.3, (1.2M),up,Windows Store,3.49
106, Up,2009,1h 36m,U,8.3, (1.2M),up,Rakuten TV,3.45
107, Citizen Kane,1941,1h 59m,A,8.3, (484K),citizen kane,BFI Player,
107, Citizen Kane,1941,1h 59m,A,8.3, (484K),citizen kane,Windows Store,2.49
108, M,1931,1h 57m,A,8.3, (178K),m,,
109, The Chaos Class Failed the Class,1975,1h 35m,,8.7, (27K),the chaos class failed the class,,
110, Full Metal Jacket,1987,1h 56m,18,8.2, (826K),full metal jacket,Netflix,
110, Full Metal Jacket,1987,1h 56m,18,8.2, (826K),full metal jacket,AppleTV,3.49
110, Full Metal Jacket,1987,1h 56m,18,8.2, (826K),full metal jacket,Amazon,3.49
110, Full Metal Jacket,1987,1h 56m,18,8.2, (826K),full metal jacket,Rakuten TV,3.49
110, Full Metal Jacket,1987,1h 56m,18,8.2, (826K),full metal jacket,Sky Store,3.49
110, Full Metal Jacket,1987,1h 56m,18,8.2, (826K),full metal jacket,Windows Store,3.49
111, Vertigo,1958,2h 8m,A,8.2, (447K),vertigo,Now TV,
111, Vertigo,1958,2h 8m,A,8.2, (447K),vertigo,AppleTV,3.49
111, Vertigo,1958,2h 8m,A,8.2, (447K),vertigo,Rakuten TV,3.49
111, Vertigo,1958,2h 8m,A,8.2, (447K),vertigo,YouTube,3.49
111, Vertigo,1958,2h 8m,A,8.2, (447K),vertigo,Amazon,3.49
111, Vertigo,1958,2h 8m,A,8.2, (447K),vertigo,Sky Store,3.49
111, Vertigo,1958,2h 8m,A,8.2, (447K),vertigo,Windows Store,2.49
112, Amélie,2001,2h 2m,15,8.3, (821K),amélie,,
113, Like Stars on Earth,2007,2h 42m,PG,8.3, (220K),like stars on earth,,
114, A Separation,2011,2h 3m,PG,8.3, (271K),a separation,Amazon,3.49
114, A Separation,2011,2h 3m,PG,8.3, (271K),a separation,AppleTV,3.49
114, A Separation,2011,2h 3m,PG,8.3, (271K),a separation,YouTube,3.49
114, A Separation,2011,2h 3m,PG,8.3, (271K),a separation,Rakuten TV,2.99
114, A Separation,2011,2h 3m,PG,8.3, (271K),a separation,Curzon Home Cinema,4.0
114, A Separation,2011,2h 3m,PG,8.3, (271K),a separation,Chili,2.49
115, To Kill a Mockingbird,1962,2h 9m,A,8.3, (345K),to kill a mockingbird,AppleTV,3.49
115, To Kill a Mockingbird,1962,2h 9m,A,8.3, (345K),to kill a mockingbird,Amazon,3.49
115, To Kill a Mockingbird,1962,2h 9m,A,8.3, (345K),to kill a mockingbird,YouTube,3.49
115, To Kill a Mockingbird,1962,2h 9m,A,8.3, (345K),to kill a mockingbird,Sky Store,3.49
115, To Kill a Mockingbird,1962,2h 9m,A,8.3, (345K),to kill a mockingbird,Windows Store,2.49
116, Die Hard,1988,2h 12m,18,8.2, (994K),die hard,Disney+,
117, A Clockwork Orange,1971,2h 16m,X,8.2, (915K),a clockwork orange,Amazon,3.49
117, A Clockwork Orange,1971,2h 16m,X,8.2, (915K),a clockwork orange,AppleTV,3.49
117, A Clockwork Orange,1971,2h 16m,X,8.2, (915K),a clockwork orange,Rakuten TV,3.49
117, A Clockwork Orange,1971,2h 16m,X,8.2, (915K),a clockwork orange,Sky Store,3.49
117, A Clockwork Orange,1971,2h 16m,X,8.2, (915K),a clockwork orange,Windows Store,3.49
117, A Clockwork Orange,1971,2h 16m,X,8.2, (915K),a clockwork orange,YouTube,3.49
118, Indiana Jones and the Last Crusade,1989,2h 7m,PG,8.2, (842K),indiana jones and the last crusade,Netflix,
118, Indiana Jones and the Last Crusade,1989,2h 7m,PG,8.2, (842K),indiana jones and the last crusade,Prime Video,
118, Indiana Jones and the Last Crusade,1989,2h 7m,PG,8.2, (842K),indiana jones and the last crusade,Sky Go,
118, Indiana Jones and the Last Crusade,1989,2h 7m,PG,8.2, (842K),indiana jones and the last crusade,Amazon,3.49
118, Indiana Jones and the Last Crusade,1989,2h 7m,PG,8.2, (842K),indiana jones and the last crusade,YouTube,3.49
118, Indiana Jones and the Last Crusade,1989,2h 7m,PG,8.2, (842K),indiana jones and the last crusade,Rakuten TV,3.49
118, Indiana Jones and the Last Crusade,1989,2h 7m,PG,8.2, (842K),indiana jones and the last crusade,AppleTV,3.49
118, Indiana Jones and the Last Crusade,1989,2h 7m,PG,8.2, (842K),indiana jones and the last crusade,Sky Store,3.49
118, Indiana Jones and the Last Crusade,1989,2h 7m,PG,8.2, (842K),indiana jones and the last crusade,Windows Store,2.49
119, The Sting,1973,2h 9m,A,8.2, (292K),the sting,Sky Go,
119, The Sting,1973,2h 9m,A,8.2, (292K),the sting,Now TV,
119, The Sting,1973,2h 9m,A,8.2, (292K),the sting,AppleTV,3.49
119, The Sting,1973,2h 9m,A,8.2, (292K),the sting,Amazon,3.49
119, The Sting,1973,2h 9m,A,8.2, (292K),the sting,Rakuten TV,3.49
119, The Sting,1973,2h 9m,A,8.2, (292K),the sting,YouTube,3.49
119, The Sting,1973,2h 9m,A,8.2, (292K),the sting,Windows Store,2.49
120, Oppenheimer,2023,3h,15,8.3, (906K),oppenheimer,Sky Go,
120, Oppenheimer,2023,3h,15,8.3, (906K),oppenheimer,Now TV,
121, Metropolis,1927,2h 33m,A,8.3, (196K),metropolis,BFI Player,
121, Metropolis,1927,2h 33m,A,8.3, (196K),metropolis,Chili,2.49
121, Metropolis,1927,2h 33m,A,8.3, (196K),metropolis,AppleTV,3.49
121, Metropolis,1927,2h 33m,A,8.3, (196K),metropolis,Amazon,4.49
122, Snatch,2000,1h 44m,18,8.2, (950K),snatch,Sky Go,
122, Snatch,2000,1h 44m,18,8.2, (950K),snatch,Amazon,2.99
122, Snatch,2000,1h 44m,18,8.2, (950K),snatch,Rakuten TV,3.49
122, Snatch,2000,1h 44m,18,8.2, (950K),snatch,YouTube,3.49
122, Snatch,2000,1h 44m,18,8.2, (950K),snatch,AppleTV,3.49
122, Snatch,2000,1h 44m,18,8.2, (950K),snatch,Sky Store,3.49
122, Snatch,2000,1h 44m,18,8.2, (950K),snatch,Windows Store,2.49
123, 1917,2019,1h 59m,15,8.2, (734K),1917,AppleTV,3.49
123, 1917,2019,1h 59m,15,8.2, (734K),1917,Sky Store,3.49
123, 1917,2019,1h 59m,15,8.2, (734K),1917,Windows Store,2.49
123, 1917,2019,1h 59m,15,8.2, (734K),1917,YouTube,4.49
123, 1917,2019,1h 59m,15,8.2, (734K),1917,BFI Player,4.5
124, L.A. Confidential,1997,2h 18m,18,8.2, (644K),l.a. confidential,Disney+,
124, L.A. Confidential,1997,2h 18m,18,8.2, (644K),l.a. confidential,Prime Video,
124, L.A. Confidential,1997,2h 18m,18,8.2, (644K),l.a. confidential,AppleTV,3.49
124, L.A. Confidential,1997,2h 18m,18,8.2, (644K),l.a. confidential,Amazon,3.49
124, L.A. Confidential,1997,2h 18m,18,8.2, (644K),l.a. confidential,Rakuten TV,3.45
124, L.A. Confidential,1997,2h 18m,18,8.2, (644K),l.a. confidential,YouTube,3.49
124, L.A. Confidential,1997,2h 18m,18,8.2, (644K),l.a. confidential,Windows Store,3.49
125, Bicycle Thieves,1948,1h 29m,U,8.2, (187K),bicycle thieves,BFI Player,
125, Bicycle Thieves,1948,1h 29m,U,8.2, (187K),bicycle thieves,Prime Video,
125, Bicycle Thieves,1948,1h 29m,U,8.2, (187K),bicycle thieves,Curzon Home Cinema,4.0
125, Bicycle Thieves,1948,1h 29m,U,8.2, (187K),bicycle thieves,Amazon,4.49
126, Downfall,2004,2h 36m,15,8.2, (390K),downfall,,
127, Dangal,2016,2h 41m,PG,8.3, (228K),dangal,,
128, The Wolf of Wall Street,2013,3h,18,8.2, (1.7M),the wolf of wall street,Sky Go,
128, The Wolf of Wall Street,2013,3h,18,8.2, (1.7M),the wolf of wall street,Now TV,
128, The Wolf of Wall Street,2013,3h,18,8.2, (1.7M),the wolf of wall street,Amazon,3.49
128, The Wolf of Wall Street,2013,3h,18,8.2, (1.7M),the wolf of wall street,YouTube,3.49
128, The Wolf of Wall Street,2013,3h,18,8.2, (1.7M),the wolf of wall street,Rakuten TV,3.49
128, The Wolf of Wall Street,2013,3h,18,8.2, (1.7M),the wolf of wall street,AppleTV,3.49
128, The Wolf of Wall Street,2013,3h,18,8.2, (1.7M),the wolf of wall street,Sky Store,3.49
128, The Wolf of Wall Street,2013,3h,18,8.2, (1.7M),the wolf of wall street,Windows Store,2.49
129, Hamilton,2020,2h 40m,12,8.3, (129K),hamilton,Disney+,
130, Taxi Driver,1976,1h 54m,18,8.2, (985K),taxi driver,Now TV,
130, Taxi Driver,1976,1h 54m,18,8.2, (985K),taxi driver,Amazon,3.49
130, Taxi Driver,1976,1h 54m,18,8.2, (985K),taxi driver,AppleTV,3.49
130, Taxi Driver,1976,1h 54m,18,8.2, (985K),taxi driver,Windows Store,2.49
130, Taxi Driver,1976,1h 54m,18,8.2, (985K),taxi driver,Sky Store,3.49
131, Green Book,2018,2h 10m,12A,8.2, (642K),green book,Rakuten TV,4.49
131, Green Book,2018,2h 10m,12A,8.2, (642K),green book,Amazon,3.49
131, Green Book,2018,2h 10m,12A,8.2, (642K),green book,YouTube,4.49
131, Green Book,2018,2h 10m,12A,8.2, (642K),green book,AppleTV,3.49
131, Green Book,2018,2h 10m,12A,8.2, (642K),green book,Windows Store,2.49
131, Green Book,2018,2h 10m,12A,8.2, (642K),green book,Sky Store,3.49
131, Green Book,2018,2h 10m,12A,8.2, (642K),green book,BFI Player,4.5
132, Batman Begins,2005,2h 20m,12A,8.2, (1.7M),batman begins,Amazon,3.49
132, Batman Begins,2005,2h 20m,12A,8.2, (1.7M),batman begins,Rakuten TV,3.49
132, Batman Begins,2005,2h 20m,12A,8.2, (1.7M),batman begins,AppleTV,3.49
132, Batman Begins,2005,2h 20m,12A,8.2, (1.7M),batman begins,Sky Store,3.49
132, Batman Begins,2005,2h 20m,12A,8.2, (1.7M),batman begins,YouTube,3.49
132, Batman Begins,2005,2h 20m,12A,8.2, (1.7M),batman begins,Windows Store,3.49
133, The Truman Show,1998,1h 43m,PG,8.2, (1.3M),the truman show,Sky Go,
133, The Truman Show,1998,1h 43m,PG,8.2, (1.3M),the truman show,Paramount Plus,
133, The Truman Show,1998,1h 43m,PG,8.2, (1.3M),the truman show,Netflix,
133, The Truman Show,1998,1h 43m,PG,8.2, (1.3M),the truman show,Prime Video,
133, The Truman Show,1998,1h 43m,PG,8.2, (1.3M),the truman show,Now TV,
133, The Truman Show,1998,1h 43m,PG,8.2, (1.3M),the truman show,Amazon,2.99
133, The Truman Show,1998,1h 43m,PG,8.2, (1.3M),the truman show,Rakuten TV,3.49
133, The Truman Show,1998,1h 43m,PG,8.2, (1.3M),the truman show,YouTube,3.49
133, The Truman Show,1998,1h 43m,PG,8.2, (1.3M),the truman show,AppleTV,3.49
133, The Truman Show,1998,1h 43m,PG,8.2, (1.3M),the truman show,Sky Store,3.49
133, The Truman Show,1998,1h 43m,PG,8.2, (1.3M),the truman show,Windows Store,2.49
134, For a Few Dollars More,1965,2h 12m,15,8.2, (290K),for a few dollars more,Prime Video,
134, For a Few Dollars More,1965,2h 12m,15,8.2, (290K),for a few dollars more,AppleTV,3.49
134, For a Few Dollars More,1965,2h 12m,15,8.2, (290K),for a few dollars more,Amazon,3.49
134, For a Few Dollars More,1965,2h 12m,15,8.2, (290K),for a few dollars more,Sky Store,3.49
134, For a Few Dollars More,1965,2h 12m,15,8.2, (290K),for a few dollars more,YouTube,3.49
134, For a Few Dollars More,1965,2h 12m,15,8.2, (290K),for a few dollars more,Chili,3.49
135, Judgment at Nuremberg,1961,2h 59m,A,8.3, (92K),judgment at nuremberg,Prime Video,
135, Judgment at Nuremberg,1961,2h 59m,A,8.3, (92K),judgment at nuremberg,AppleTV,3.49
136, Some Like It Hot,1959,2h 1m,A,8.2, (297K),some like it hot,Prime Video,
136, Some Like It Hot,1959,2h 1m,A,8.2, (297K),some like it hot,Amazon,3.49
136, Some Like It Hot,1959,2h 1m,A,8.2, (297K),some like it hot,Rakuten TV,3.49
136, Some Like It Hot,1959,2h 1m,A,8.2, (297K),some like it hot,AppleTV,3.49
136, Some Like It Hot,1959,2h 1m,A,8.2, (297K),some like it hot,Sky Store,3.49
137, Shutter Island,2010,2h 18m,15,8.2, (1.6M),shutter island,Amazon,3.49
137, Shutter Island,2010,2h 18m,15,8.2, (1.6M),shutter island,YouTube,3.49
137, Shutter Island,2010,2h 18m,15,8.2, (1.6M),shutter island,AppleTV,3.49
137, Shutter Island,2010,2h 18m,15,8.2, (1.6M),shutter island,Sky Store,3.49
137, Shutter Island,2010,2h 18m,15,8.2, (1.6M),shutter island,Windows Store,2.49
138, The Kid,1921,1h 8m,U,8.2, (142K),the kid,Amazon,3.49
138, The Kid,1921,1h 8m,U,8.2, (142K),the kid,AppleTV,3.49
138, The Kid,1921,1h 8m,U,8.2, (142K),the kid,Sky Store,3.49
138, The Kid,1921,1h 8m,U,8.2, (142K),the kid,Rakuten TV,2.49
138, The Kid,1921,1h 8m,U,8.2, (142K),the kid,YouTube,3.49
139, The Father,2020,1h 37m,12A,8.2, (216K),the father,Amazon,4.99
139, The Father,2020,1h 37m,12A,8.2, (216K),the father,AppleTV,4.99
139, The Father,2020,1h 37m,12A,8.2, (216K),the father,Windows Store,3.49
139, The Father,2020,1h 37m,12A,8.2, (216K),the father,Sky Store,3.49
139, The Father,2020,1h 37m,12A,8.2, (216K),the father,Rakuten TV,4.49
139, The Father,2020,1h 37m,12A,8.2, (216K),the father,BFI Player,3.5
140, Jurassic Park,1993,2h 7m,PG,8.2, (1.1M),jurassic park,Rakuten TV,4.49
140, Jurassic Park,1993,2h 7m,PG,8.2, (1.1M),jurassic park,Sky Store,3.49
141, All About Eve,1950,2h 18m,A,8.2, (146K),all about eve,Sky Store,3.49
141, All About Eve,1950,2h 18m,A,8.2, (146K),all about eve,Amazon,3.49
141, All About Eve,1950,2h 18m,A,8.2, (146K),all about eve,AppleTV,3.49
141, All About Eve,1950,2h 18m,A,8.2, (146K),all about eve,Rakuten TV,3.45
141, All About Eve,1950,2h 18m,A,8.2, (146K),all about eve,YouTube,3.49
142, There Will Be Blood,2007,2h 38m,12A,8.2, (675K),there will be blood,Paramount Plus,
142, There Will Be Blood,2007,2h 38m,12A,8.2, (675K),there will be blood,Sky Go,
142, There Will Be Blood,2007,2h 38m,12A,8.2, (675K),there will be blood,Amazon,3.49
142, There Will Be Blood,2007,2h 38m,12A,8.2, (675K),there will be blood,AppleTV,3.49
142, There Will Be Blood,2007,2h 38m,12A,8.2, (675K),there will be blood,Sky Store,3.49
142, There Will Be Blood,2007,2h 38m,12A,8.2, (675K),there will be blood,Rakuten TV,3.49
143, The Sixth Sense,1999,1h 47m,15,8.2, (1.1M),the sixth sense,Disney+,
143, The Sixth Sense,1999,1h 47m,15,8.2, (1.1M),the sixth sense,AppleTV,3.49
143, The Sixth Sense,1999,1h 47m,15,8.2, (1.1M),the sixth sense,Rakuten TV,3.45
143, The Sixth Sense,1999,1h 47m,15,8.2, (1.1M),the sixth sense,Amazon,3.49
143, The Sixth Sense,1999,1h 47m,15,8.2, (1.1M),the sixth sense,Windows Store,3.49
143, The Sixth Sense,1999,1h 47m,15,8.2, (1.1M),the sixth sense,Sky Store,3.49
143, The Sixth Sense,1999,1h 47m,15,8.2, (1.1M),the sixth sense,YouTube,3.49
144, Ran,1985,2h 40m,15,8.2, (145K),ran,Prime Video,
144, Ran,1985,2h 40m,15,8.2, (145K),ran,Sky Go,
144, Ran,1985,2h 40m,15,8.2, (145K),ran,Amazon,2.99
144, Ran,1985,2h 40m,15,8.2, (145K),ran,AppleTV,3.49
144, Ran,1985,2h 40m,15,8.2, (145K),ran,YouTube,3.49
144, Ran,1985,2h 40m,15,8.2, (145K),ran,Rakuten TV,3.49
144, Ran,1985,2h 40m,15,8.2, (145K),ran,Sky Store,3.49
144, Ran,1985,2h 40m,15,8.2, (145K),ran,Windows Store,2.49
145, Casino,1995,2h 58m,18,8.2, (596K),casino,AppleTV,3.49
145, Casino,1995,2h 58m,18,8.2, (596K),casino,Amazon,3.49
145, Casino,1995,2h 58m,18,8.2, (596K),casino,Rakuten TV,3.49
145, Casino,1995,2h 58m,18,8.2, (596K),casino,Chili,3.49
145, Casino,1995,2h 58m,18,8.2, (596K),casino,Sky Store,3.49
145, Casino,1995,2h 58m,18,8.2, (596K),casino,Windows Store,2.49
145, Casino,1995,2h 58m,18,8.2, (596K),casino,YouTube,3.49
146, Top Gun: Maverick,2022,2h 10m,12A,8.2, (787K),top gun: maverick,Amazon,3.49
146, Top Gun: Maverick,2022,2h 10m,12A,8.2, (787K),top gun: maverick,Sky Store,3.49
146, Top Gun: Maverick,2022,2h 10m,12A,8.2, (787K),top gun: maverick,AppleTV,3.49
146, Top Gun: Maverick,2022,2h 10m,12A,8.2, (787K),top gun: maverick,Rakuten TV,3.49
146, Top Gun: Maverick,2022,2h 10m,12A,8.2, (787K),top gun: maverick,YouTube,3.49
146, Top Gun: Maverick,2022,2h 10m,12A,8.2, (787K),top gun: maverick,Windows Store,2.49
147, No Country for Old Men,2007,2h 2m,15,8.2, (1.1M),no country for old men,Paramount Plus,
147, No Country for Old Men,2007,2h 2m,15,8.2, (1.1M),no country for old men,Amazon,3.49
147, No Country for Old Men,2007,2h 2m,15,8.2, (1.1M),no country for old men,YouTube,3.49
147, No Country for Old Men,2007,2h 2m,15,8.2, (1.1M),no country for old men,Rakuten TV,3.49
147, No Country for Old Men,2007,2h 2m,15,8.2, (1.1M),no country for old men,Curzon Home Cinema,4.0
147, No Country for Old Men,2007,2h 2m,15,8.2, (1.1M),no country for old men,AppleTV,3.49
147, No Country for Old Men,2007,2h 2m,15,8.2, (1.1M),no country for old men,Sky Store,3.49
148, The Thing,1982,1h 49m,X,8.2, (502K),the thing,Windows Store,2.49
148, The Thing,1982,1h 49m,X,8.2, (502K),the thing,AppleTV,3.49
148, The Thing,1982,1h 49m,X,8.2, (502K),the thing,Amazon,3.49
148, The Thing,1982,1h 49m,X,8.2, (502K),the thing,YouTube,3.49
148, The Thing,1982,1h 49m,X,8.2, (502K),the thing,Rakuten TV,2.49
149, Unforgiven,1992,2h 10m,15,8.2, (457K),unforgiven,Amazon,3.49
149, Unforgiven,1992,2h 10m,15,8.2, (457K),unforgiven,Rakuten TV,3.49
149, Unforgiven,1992,2h 10m,15,8.2, (457K),unforgiven,AppleTV,3.49
149, Unforgiven,1992,2h 10m,15,8.2, (457K),unforgiven,Sky Store,3.49
149, Unforgiven,1992,2h 10m,15,8.2, (457K),unforgiven,YouTube,3.49
149, Unforgiven,1992,2h 10m,15,8.2, (457K),unforgiven,Windows Store,3.49
150, Pan's Labyrinth,2006,1h 58m,15,8.2, (728K),pan's labyrinth,MUBI,
150, Pan's Labyrinth,2006,1h 58m,15,8.2, (728K),pan's labyrinth,Amazon,3.49
150, Pan's Labyrinth,2006,1h 58m,15,8.2, (728K),pan's labyrinth,AppleTV,3.49
150, Pan's Labyrinth,2006,1h 58m,15,8.2, (728K),pan's labyrinth,Sky Store,3.49
150, Pan's Labyrinth,2006,1h 58m,15,8.2, (728K),pan's labyrinth,Rakuten TV,3.49
150, Pan's Labyrinth,2006,1h 58m,15,8.2, (728K),pan's labyrinth,YouTube,4.49
151, Kill Bill: Vol. 1,2003,1h 51m,18,8.2, (1.3M),kill bill: vol. 1,YouTube,4.49
152, A Beautiful Mind,2001,2h 15m,12,8.2, (1M),a beautiful mind,Paramount Plus,
152, A Beautiful Mind,2001,2h 15m,12,8.2, (1M),a beautiful mind,Amazon,2.99
152, A Beautiful Mind,2001,2h 15m,12,8.2, (1M),a beautiful mind,AppleTV,3.49
152, A Beautiful Mind,2001,2h 15m,12,8.2, (1M),a beautiful mind,YouTube,3.49
152, A Beautiful Mind,2001,2h 15m,12,8.2, (1M),a beautiful mind,Rakuten TV,3.49
152, A Beautiful Mind,2001,2h 15m,12,8.2, (1M),a beautiful mind,Sky Store,3.49
152, A Beautiful Mind,2001,2h 15m,12,8.2, (1M),a beautiful mind,Windows Store,2.49
153, Prisoners,2013,2h 33m,15,8.2, (880K),prisoners,Netflix,
153, Prisoners,2013,2h 33m,15,8.2, (880K),prisoners,Rakuten TV,3.49
153, Prisoners,2013,2h 33m,15,8.2, (880K),prisoners,YouTube,4.49
153, Prisoners,2013,2h 33m,15,8.2, (880K),prisoners,Amazon,3.49
153, Prisoners,2013,2h 33m,15,8.2, (880K),prisoners,AppleTV,3.49
153, Prisoners,2013,2h 33m,15,8.2, (880K),prisoners,Sky Store,3.49
153, Prisoners,2013,2h 33m,15,8.2, (880K),prisoners,Windows Store,2.49
154, The Treasure of the Sierra Madre,1948,2h 6m,A,8.2, (138K),the treasure of the sierra madre,AppleTV,3.49
154, The Treasure of the Sierra Madre,1948,2h 6m,A,8.2, (138K),the treasure of the sierra madre,Amazon,3.49
154, The Treasure of the Sierra Madre,1948,2h 6m,A,8.2, (138K),the treasure of the sierra madre,Sky Store,3.49
154, The Treasure of the Sierra Madre,1948,2h 6m,A,8.2, (138K),the treasure of the sierra madre,Rakuten TV,3.49
154, The Treasure of the Sierra Madre,1948,2h 6m,A,8.2, (138K),the treasure of the sierra madre,YouTube,3.49
155, Yojimbo,1961,1h 50m,A,8.2, (139K),yojimbo,BFI Player,
155, Yojimbo,1961,1h 50m,A,8.2, (139K),yojimbo,AppleTV,3.49
155, Yojimbo,1961,1h 50m,A,8.2, (139K),yojimbo,Amazon,3.49
156, Finding Nemo,2003,1h 40m,U,8.2, (1.2M),finding nemo,Disney+,
156, Finding Nemo,2003,1h 40m,U,8.2, (1.2M),finding nemo,AppleTV,3.49
156, Finding Nemo,2003,1h 40m,U,8.2, (1.2M),finding nemo,Rakuten TV,3.45
156, Finding Nemo,2003,1h 40m,U,8.2, (1.2M),finding nemo,Sky Store,3.49
156, Finding Nemo,2003,1h 40m,U,8.2, (1.2M),finding nemo,Windows Store,3.49
157, Howl's Moving Castle,2004,1h 59m,U,8.2, (487K),howl's moving castle,Netflix,
158, The Great Escape,1963,2h 52m,PG,8.2, (270K),the great escape,Prime Video,
158, The Great Escape,1963,2h 52m,PG,8.2, (270K),the great escape,AppleTV,3.49
158, The Great Escape,1963,2h 52m,PG,8.2, (270K),the great escape,Amazon,3.49
158, The Great Escape,1963,2h 52m,PG,8.2, (270K),the great escape,Rakuten TV,3.49
158, The Great Escape,1963,2h 52m,PG,8.2, (270K),the great escape,Sky Store,3.49
158, The Great Escape,1963,2h 52m,PG,8.2, (270K),the great escape,Chili,3.49
159, Monty Python and the Holy Grail,1975,1h 31m,12A,8.2, (590K),monty python and the holy grail,Amazon,3.49
159, Monty Python and the Holy Grail,1975,1h 31m,12A,8.2, (590K),monty python and the holy grail,AppleTV,3.49
159, Monty Python and the Holy Grail,1975,1h 31m,12A,8.2, (590K),monty python and the holy grail,YouTube,4.49
160, The Elephant Man,1980,2h 4m,AA,8.2, (274K),the elephant man,Amazon,3.49
160, The Elephant Man,1980,2h 4m,AA,8.2, (274K),the elephant man,Rakuten TV,4.49
160, The Elephant Man,1980,2h 4m,AA,8.2, (274K),the elephant man,YouTube,4.49
160, The Elephant Man,1980,2h 4m,AA,8.2, (274K),the elephant man,AppleTV,3.49
160, The Elephant Man,1980,2h 4m,AA,8.2, (274K),the elephant man,Windows Store,2.49
160, The Elephant Man,1980,2h 4m,AA,8.2, (274K),the elephant man,Sky Store,3.49
160, The Elephant Man,1980,2h 4m,AA,8.2, (274K),the elephant man,BFI Player,3.5
161, Dial M for Murder,1954,1h 45m,PG,8.2, (199K),dial m for murder,AppleTV,3.49
161, Dial M for Murder,1954,1h 45m,PG,8.2, (199K),dial m for murder,Amazon,3.49
161, Dial M for Murder,1954,1h 45m,PG,8.2, (199K),dial m for murder,Sky Store,3.49
161, Dial M for Murder,1954,1h 45m,PG,8.2, (199K),dial m for murder,Rakuten TV,3.49
161, Dial M for Murder,1954,1h 45m,PG,8.2, (199K),dial m for murder,YouTube,3.49
162, Klaus,2019,1h 36m,PG,8.2, (216K),klaus,Netflix,
163, Gone with the Wind,1939,3h 58m,PG,8.2, (348K),gone with the wind,Amazon,3.49
163, Gone with the Wind,1939,3h 58m,PG,8.2, (348K),gone with the wind,AppleTV,3.49
163, Gone with the Wind,1939,3h 58m,PG,8.2, (348K),gone with the wind,Rakuten TV,3.49
163, Gone with the Wind,1939,3h 58m,PG,8.2, (348K),gone with the wind,Sky Store,3.49
163, Gone with the Wind,1939,3h 58m,PG,8.2, (348K),gone with the wind,Windows Store,3.49
163, Gone with the Wind,1939,3h 58m,PG,8.2, (348K),gone with the wind,YouTube,3.49
164, Chinatown,1974,2h 10m,X,8.1, (367K),chinatown,Paramount Plus,
164, Chinatown,1974,2h 10m,X,8.1, (367K),chinatown,Sky Go,
164, Chinatown,1974,2h 10m,X,8.1, (367K),chinatown,Now TV,
164, Chinatown,1974,2h 10m,X,8.1, (367K),chinatown,Amazon,3.49
164, Chinatown,1974,2h 10m,X,8.1, (367K),chinatown,YouTube,3.49
164, Chinatown,1974,2h 10m,X,8.1, (367K),chinatown,Rakuten TV,3.49
164, Chinatown,1974,2h 10m,X,8.1, (367K),chinatown,AppleTV,3.49
164, Chinatown,1974,2h 10m,X,8.1, (367K),chinatown,Sky Store,3.49
164, Chinatown,1974,2h 10m,X,8.1, (367K),chinatown,Windows Store,2.49
165, The Secret in Their Eyes,2009,2h 9m,18,8.2, (234K),the secret in their eyes,BFI Player,
166, Rashomon,1950,1h 28m,X,8.2, (191K),rashomon,Now TV,
166, Rashomon,1950,1h 28m,X,8.2, (191K),rashomon,BFI Player,
166, Rashomon,1950,1h 28m,X,8.2, (191K),rashomon,Sky Go,
166, Rashomon,1950,1h 28m,X,8.2, (191K),rashomon,Amazon,3.49
166, Rashomon,1950,1h 28m,X,8.2, (191K),rashomon,AppleTV,3.49
167," Lock, Stock and Two Smoking Barrels",1998,1h 47m,18,8.1, (637K),"lock, stock and two smoking barrels",,
168, V for Vendetta,2005,2h 12m,15,8.1, (1.2M),v for vendetta,Prime Video,
168, V for Vendetta,2005,2h 12m,15,8.1, (1.2M),v for vendetta,Amazon,3.49
168, V for Vendetta,2005,2h 12m,15,8.1, (1.2M),v for vendetta,AppleTV,3.49
168, V for Vendetta,2005,2h 12m,15,8.1, (1.2M),v for vendetta,Rakuten TV,3.49
168, V for Vendetta,2005,2h 12m,15,8.1, (1.2M),v for vendetta,Sky Store,3.49
168, V for Vendetta,2005,2h 12m,15,8.1, (1.2M),v for vendetta,YouTube,3.49
168, V for Vendetta,2005,2h 12m,15,8.1, (1.2M),v for vendetta,Windows Store,3.49
169, Inside Out,2015,1h 35m,U,8.1, (874K),inside out,Disney+,
169, Inside Out,2015,1h 35m,U,8.1, (874K),inside out,Amazon,4.49
169, Inside Out,2015,1h 35m,U,8.1, (874K),inside out,YouTube,3.49
169, Inside Out,2015,1h 35m,U,8.1, (874K),inside out,Rakuten TV,3.45
169, Inside Out,2015,1h 35m,U,8.1, (874K),inside out,AppleTV,4.49
169, Inside Out,2015,1h 35m,U,8.1, (874K),inside out,Windows Store,3.49
170," Three Billboards Outside Ebbing, Missouri",2017,1h 55m,15,8.1, (586K),"three billboards outside ebbing, missouri",Disney+,
170," Three Billboards Outside Ebbing, Missouri",2017,1h 55m,15,8.1, (586K),"three billboards outside ebbing, missouri",Amazon,3.49
170," Three Billboards Outside Ebbing, Missouri",2017,1h 55m,15,8.1, (586K),"three billboards outside ebbing, missouri",AppleTV,3.49
170," Three Billboards Outside Ebbing, Missouri",2017,1h 55m,15,8.1, (586K),"three billboards outside ebbing, missouri",Rakuten TV,3.45
170," Three Billboards Outside Ebbing, Missouri",2017,1h 55m,15,8.1, (586K),"three billboards outside ebbing, missouri",Sky Store,3.49
170," Three Billboards Outside Ebbing, Missouri",2017,1h 55m,15,8.1, (586K),"three billboards outside ebbing, missouri",YouTube,3.49
170," Three Billboards Outside Ebbing, Missouri",2017,1h 55m,15,8.1, (586K),"three billboards outside ebbing, missouri",Windows Store,3.49
171, Catch Me If You Can,2002,2h 21m,12A,8.1, (1.2M),catch me if you can,Sky Go,
171, Catch Me If You Can,2002,2h 21m,12A,8.1, (1.2M),catch me if you can,Now TV,
171, Catch Me If You Can,2002,2h 21m,12A,8.1, (1.2M),catch me if you can,Amazon,2.99
171, Catch Me If You Can,2002,2h 21m,12A,8.1, (1.2M),catch me if you can,AppleTV,3.49
171, Catch Me If You Can,2002,2h 21m,12A,8.1, (1.2M),catch me if you can,Sky Store,3.49
171, Catch Me If You Can,2002,2h 21m,12A,8.1, (1.2M),catch me if you can,Rakuten TV,3.49
171, Catch Me If You Can,2002,2h 21m,12A,8.1, (1.2M),catch me if you can,YouTube,3.49
171, Catch Me If You Can,2002,2h 21m,12A,8.1, (1.2M),catch me if you can,Windows Store,2.49
172, Trainspotting,1996,1h 33m,18,8.1, (753K),trainspotting,Rakuten TV,3.49
172, Trainspotting,1996,1h 33m,18,8.1, (753K),trainspotting,Curzon Home Cinema,4.0
172, Trainspotting,1996,1h 33m,18,8.1, (753K),trainspotting,YouTube,3.49
172, Trainspotting,1996,1h 33m,18,8.1, (753K),trainspotting,AppleTV,3.49
172, Trainspotting,1996,1h 33m,18,8.1, (753K),trainspotting,Sky Store,3.49
172, Trainspotting,1996,1h 33m,18,8.1, (753K),trainspotting,BFI Player,3.5
173, The Bridge on the River Kwai,1957,2h 41m,U,8.1, (243K),the bridge on the river kwai,YouTube,3.49
173, The Bridge on the River Kwai,1957,2h 41m,U,8.1, (243K),the bridge on the river kwai,AppleTV,3.49
173, The Bridge on the River Kwai,1957,2h 41m,U,8.1, (243K),the bridge on the river kwai,Amazon,3.49
173, The Bridge on the River Kwai,1957,2h 41m,U,8.1, (243K),the bridge on the river kwai,Rakuten TV,3.49
173, The Bridge on the River Kwai,1957,2h 41m,U,8.1, (243K),the bridge on the river kwai,Sky Store,3.49
173, The Bridge on the River Kwai,1957,2h 41m,U,8.1, (243K),the bridge on the river kwai,Windows Store,2.49
174, Raging Bull,1980,2h 9m,X,8.1, (398K),raging bull,Amazon,3.49
174, Raging Bull,1980,2h 9m,X,8.1, (398K),raging bull,Rakuten TV,3.49
174, Raging Bull,1980,2h 9m,X,8.1, (398K),raging bull,AppleTV,3.49
174, Raging Bull,1980,2h 9m,X,8.1, (398K),raging bull,Sky Store,3.49
174, Raging Bull,1980,2h 9m,X,8.1, (398K),raging bull,Chili,3.49
175, The Wild Robot,2024,1h 42m,U,8.2, (184K),the wild robot,Sky Go,
175, The Wild Robot,2024,1h 42m,U,8.2, (184K),the wild robot,Amazon,4.99
175, The Wild Robot,2024,1h 42m,U,8.2, (184K),the wild robot,Rakuten TV,5.49
175, The Wild Robot,2024,1h 42m,U,8.2, (184K),the wild robot,YouTube,5.49
176, Fargo,1996,1h 38m,18,8.1, (760K),fargo,Prime Video,
176, Fargo,1996,1h 38m,18,8.1, (760K),fargo,Amazon,3.49
176, Fargo,1996,1h 38m,18,8.1, (760K),fargo,Rakuten TV,3.49
176, Fargo,1996,1h 38m,18,8.1, (760K),fargo,AppleTV,3.49
176, Fargo,1996,1h 38m,18,8.1, (760K),fargo,Sky Store,3.49
176, Fargo,1996,1h 38m,18,8.1, (760K),fargo,YouTube,3.49
176, Fargo,1996,1h 38m,18,8.1, (760K),fargo,Chili,3.49
176, Fargo,1996,1h 38m,18,8.1, (760K),fargo,Windows Store,3.49
177, Harry Potter and the Deathly Hallows: Part 2,2011,2h 10m,12A,8.1, (1M),harry potter and the deathly hallows: part 2,Netflix,
177, Harry Potter and the Deathly Hallows: Part 2,2011,2h 10m,12A,8.1, (1M),harry potter and the deathly hallows: part 2,Now TV,
177, Harry Potter and the Deathly Hallows: Part 2,2011,2h 10m,12A,8.1, (1M),harry potter and the deathly hallows: part 2,AppleTV,4.49
177, Harry Potter and the Deathly Hallows: Part 2,2011,2h 10m,12A,8.1, (1M),harry potter and the deathly hallows: part 2,Amazon,4.49
177, Harry Potter and the Deathly Hallows: Part 2,2011,2h 10m,12A,8.1, (1M),harry potter and the deathly hallows: part 2,Rakuten TV,3.49
177, Harry Potter and the Deathly Hallows: Part 2,2011,2h 10m,12A,8.1, (1M),harry potter and the deathly hallows: part 2,Sky Store,3.49
177, Harry Potter and the Deathly Hallows: Part 2,2011,2h 10m,12A,8.1, (1M),harry potter and the deathly hallows: part 2,Windows Store,3.49
178, Warrior,2011,2h 20m,12A,8.1, (517K),warrior,Netflix,
178, Warrior,2011,2h 20m,12A,8.1, (517K),warrior,STARZ,
178, Warrior,2011,2h 20m,12A,8.1, (517K),warrior,YouTube,3.49
178, Warrior,2011,2h 20m,12A,8.1, (517K),warrior,Amazon,3.49
178, Warrior,2011,2h 20m,12A,8.1, (517K),warrior,Rakuten TV,3.49
178, Warrior,2011,2h 20m,12A,8.1, (517K),warrior,AppleTV,3.49
178, Warrior,2011,2h 20m,12A,8.1, (517K),warrior,Sky Store,3.49
178, Warrior,2011,2h 20m,12A,8.1, (517K),warrior,Windows Store,2.49
179, Gran Torino,2008,1h 56m,15,8.1, (843K),gran torino,Sky Go,
179, Gran Torino,2008,1h 56m,15,8.1, (843K),gran torino,Now TV,
179, Gran Torino,2008,1h 56m,15,8.1, (843K),gran torino,AppleTV,3.49
179, Gran Torino,2008,1h 56m,15,8.1, (843K),gran torino,Amazon,3.49
179, Gran Torino,2008,1h 56m,15,8.1, (843K),gran torino,Rakuten TV,3.49
179, Gran Torino,2008,1h 56m,15,8.1, (843K),gran torino,Sky Store,3.49
179, Gran Torino,2008,1h 56m,15,8.1, (843K),gran torino,YouTube,3.49
179, Gran Torino,2008,1h 56m,15,8.1, (843K),gran torino,Windows Store,3.49
180, Million Dollar Baby,2004,2h 12m,12A,8.1, (749K),million dollar baby,,
181, Ben-Hur,1959,3h 32m,A,8.1, (265K),ben-hur,Sky Go,
181, Ben-Hur,1959,3h 32m,A,8.1, (265K),ben-hur,Now TV,
181, Ben-Hur,1959,3h 32m,A,8.1, (265K),ben-hur,AppleTV,3.49
181, Ben-Hur,1959,3h 32m,A,8.1, (265K),ben-hur,Amazon,3.49
181, Ben-Hur,1959,3h 32m,A,8.1, (265K),ben-hur,Rakuten TV,3.49
181, Ben-Hur,1959,3h 32m,A,8.1, (265K),ben-hur,YouTube,3.49
181, Ben-Hur,1959,3h 32m,A,8.1, (265K),ben-hur,Windows Store,3.49
182, Mad Max: Fury Road,2015,2h,15,8.1, (1.2M),mad max: fury road,Sky Go,
182, Mad Max: Fury Road,2015,2h,15,8.1, (1.2M),mad max: fury road,Now TV,
182, Mad Max: Fury Road,2015,2h,15,8.1, (1.2M),mad max: fury road,Netflix,
182, Mad Max: Fury Road,2015,2h,15,8.1, (1.2M),mad max: fury road,Amazon,3.49
182, Mad Max: Fury Road,2015,2h,15,8.1, (1.2M),mad max: fury road,YouTube,3.49
182, Mad Max: Fury Road,2015,2h,15,8.1, (1.2M),mad max: fury road,Rakuten TV,3.49
182, Mad Max: Fury Road,2015,2h,15,8.1, (1.2M),mad max: fury road,Sky Store,3.49
182, Mad Max: Fury Road,2015,2h,15,8.1, (1.2M),mad max: fury road,AppleTV,4.49
182, Mad Max: Fury Road,2015,2h,15,8.1, (1.2M),mad max: fury road,Windows Store,3.49
183, My Neighbour Totoro,1988,1h 26m,U,8.1, (411K),my neighbour totoro,,
184, Dead Poets Society,1989,2h 8m,PG,8.1, (596K),dead poets society,Disney+,
184, Dead Poets Society,1989,2h 8m,PG,8.1, (596K),dead poets society,Amazon,3.49
184, Dead Poets Society,1989,2h 8m,PG,8.1, (596K),dead poets society,AppleTV,3.49
184, Dead Poets Society,1989,2h 8m,PG,8.1, (596K),dead poets society,Rakuten TV,3.45
184, Dead Poets Society,1989,2h 8m,PG,8.1, (596K),dead poets society,Sky Store,3.49
185, Barry Lyndon,1975,3h 5m,A,8.1, (195K),barry lyndon,AppleTV,3.49
185, Barry Lyndon,1975,3h 5m,A,8.1, (195K),barry lyndon,Amazon,3.49
185, Barry Lyndon,1975,3h 5m,A,8.1, (195K),barry lyndon,Sky Store,3.49
185, Barry Lyndon,1975,3h 5m,A,8.1, (195K),barry lyndon,Windows Store,3.49
185, Barry Lyndon,1975,3h 5m,A,8.1, (195K),barry lyndon,Rakuten TV,3.49
185, Barry Lyndon,1975,3h 5m,A,8.1, (195K),barry lyndon,YouTube,3.49
186, Children of Heaven,1997,1h 29m,PG,8.2, (87K),children of heaven,Amazon,3.49
186, Children of Heaven,1997,1h 29m,PG,8.2, (87K),children of heaven,AppleTV,3.49
187, Spider-Man: No Way Home,2021,2h 28m,12A,8.2, (960K),spider-man: no way home,Prime Video,
187, Spider-Man: No Way Home,2021,2h 28m,12A,8.2, (960K),spider-man: no way home,Amazon,4.99
187, Spider-Man: No Way Home,2021,2h 28m,12A,8.2, (960K),spider-man: no way home,Rakuten TV,4.49
187, Spider-Man: No Way Home,2021,2h 28m,12A,8.2, (960K),spider-man: no way home,AppleTV,4.99
187, Spider-Man: No Way Home,2021,2h 28m,12A,8.2, (960K),spider-man: no way home,Sky Store,3.49
187, Spider-Man: No Way Home,2021,2h 28m,12A,8.2, (960K),spider-man: no way home,YouTube,3.49
188, Hacksaw Ridge,2016,2h 19m,15,8.1, (642K),hacksaw ridge,Amazon,3.49
188, Hacksaw Ridge,2016,2h 19m,15,8.1, (642K),hacksaw ridge,AppleTV,3.49
188, Hacksaw Ridge,2016,2h 19m,15,8.1, (642K),hacksaw ridge,Rakuten TV,4.49
188, Hacksaw Ridge,2016,2h 19m,15,8.1, (642K),hacksaw ridge,Sky Store,3.49
188, Hacksaw Ridge,2016,2h 19m,15,8.1, (642K),hacksaw ridge,BFI Player,3.5
188, Hacksaw Ridge,2016,2h 19m,15,8.1, (642K),hacksaw ridge,Windows Store,3.49
189, The Grand Budapest Hotel,2014,1h 39m,15,8.1, (932K),the grand budapest hotel,Disney+,
189, The Grand Budapest Hotel,2014,1h 39m,15,8.1, (932K),the grand budapest hotel,AppleTV,3.49
189, The Grand Budapest Hotel,2014,1h 39m,15,8.1, (932K),the grand budapest hotel,Amazon,3.49
189, The Grand Budapest Hotel,2014,1h 39m,15,8.1, (932K),the grand budapest hotel,Rakuten TV,3.45
189, The Grand Budapest Hotel,2014,1h 39m,15,8.1, (932K),the grand budapest hotel,Windows Store,3.49
189, The Grand Budapest Hotel,2014,1h 39m,15,8.1, (932K),the grand budapest hotel,Sky Store,3.49
189, The Grand Budapest Hotel,2014,1h 39m,15,8.1, (932K),the grand budapest hotel,YouTube,3.49
190, 12 Years a Slave,2013,2h 14m,15,8.1, (768K),12 years a slave,Netflix,
190, 12 Years a Slave,2013,2h 14m,15,8.1, (768K),12 years a slave,Amazon,3.49
190, 12 Years a Slave,2013,2h 14m,15,8.1, (768K),12 years a slave,Windows Store,2.49
190, 12 Years a Slave,2013,2h 14m,15,8.1, (768K),12 years a slave,Sky Store,3.49
190, 12 Years a Slave,2013,2h 14m,15,8.1, (768K),12 years a slave,Rakuten TV,3.49
190, 12 Years a Slave,2013,2h 14m,15,8.1, (768K),12 years a slave,YouTube,4.49
190, 12 Years a Slave,2013,2h 14m,15,8.1, (768K),12 years a slave,AppleTV,3.49
190, 12 Years a Slave,2013,2h 14m,15,8.1, (768K),12 years a slave,BFI Player,3.5
191, Before Sunrise,1995,1h 41m,15,8.1, (362K),before sunrise,AppleTV,3.49
191, Before Sunrise,1995,1h 41m,15,8.1, (362K),before sunrise,Amazon,3.49
191, Before Sunrise,1995,1h 41m,15,8.1, (362K),before sunrise,Rakuten TV,3.49
191, Before Sunrise,1995,1h 41m,15,8.1, (362K),before sunrise,Windows Store,3.49
191, Before Sunrise,1995,1h 41m,15,8.1, (362K),before sunrise,Sky Store,3.49
191, Before Sunrise,1995,1h 41m,15,8.1, (362K),before sunrise,YouTube,3.49
192, Blade Runner,1982,1h 57m,AA,8.1, (857K),blade runner,Amazon,4.99
192, Blade Runner,1982,1h 57m,AA,8.1, (857K),blade runner,Rakuten TV,4.49
192, Blade Runner,1982,1h 57m,AA,8.1, (857K),blade runner,AppleTV,4.99
192, Blade Runner,1982,1h 57m,AA,8.1, (857K),blade runner,Sky Store,3.49
192, Blade Runner,1982,1h 57m,AA,8.1, (857K),blade runner,YouTube,3.49
192, Blade Runner,1982,1h 57m,AA,8.1, (857K),blade runner,Windows Store,2.49
193, Memories of Murder,2003,2h 11m,15,8.1, (245K),memories of murder,BFI Player,
193, Memories of Murder,2003,2h 11m,15,8.1, (245K),memories of murder,YouTube,3.49
193, Memories of Murder,2003,2h 11m,15,8.1, (245K),memories of murder,Amazon,3.49
193, Memories of Murder,2003,2h 11m,15,8.1, (245K),memories of murder,Curzon Home Cinema,4.0
193, Memories of Murder,2003,2h 11m,15,8.1, (245K),memories of murder,AppleTV,3.49
193, Memories of Murder,2003,2h 11m,15,8.1, (245K),memories of murder,Sky Store,3.49
193, Memories of Murder,2003,2h 11m,15,8.1, (245K),memories of murder,Chili,2.49
194, Gone Girl,2014,2h 29m,18,8.1, (1.1M),gone girl,Disney+,
194, Gone Girl,2014,2h 29m,18,8.1, (1.1M),gone girl,Prime Video,
194, Gone Girl,2014,2h 29m,18,8.1, (1.1M),gone girl,AppleTV,3.49
194, Gone Girl,2014,2h 29m,18,8.1, (1.1M),gone girl,Amazon,3.49
194, Gone Girl,2014,2h 29m,18,8.1, (1.1M),gone girl,Rakuten TV,3.45
194, Gone Girl,2014,2h 29m,18,8.1, (1.1M),gone girl,Sky Store,3.49
194, Gone Girl,2014,2h 29m,18,8.1, (1.1M),gone girl,YouTube,3.49
194, Gone Girl,2014,2h 29m,18,8.1, (1.1M),gone girl,Windows Store,3.49
195, Ratatouille,2007,1h 51m,U,8.1, (893K),ratatouille,Disney+,
195, Ratatouille,2007,1h 51m,U,8.1, (893K),ratatouille,AppleTV,3.49
195, Ratatouille,2007,1h 51m,U,8.1, (893K),ratatouille,Rakuten TV,3.45
195, Ratatouille,2007,1h 51m,U,8.1, (893K),ratatouille,Sky Store,3.49
195, Ratatouille,2007,1h 51m,U,8.1, (893K),ratatouille,Windows Store,3.49
196, How to Train Your Dragon,2010,1h 38m,PG,8.1, (855K),how to train your dragon,Amazon,3.49
196, How to Train Your Dragon,2010,1h 38m,PG,8.1, (855K),how to train your dragon,YouTube,3.49
196, How to Train Your Dragon,2010,1h 38m,PG,8.1, (855K),how to train your dragon,Rakuten TV,4.49
196, How to Train Your Dragon,2010,1h 38m,PG,8.1, (855K),how to train your dragon,AppleTV,3.49
196, How to Train Your Dragon,2010,1h 38m,PG,8.1, (855K),how to train your dragon,Sky Store,3.49
197," Monsters, Inc.",2001,1h 32m,U,8.1, (1M),"monsters, inc.",Disney+,
197," Monsters, Inc.",2001,1h 32m,U,8.1, (1M),"monsters, inc.",Amazon,3.49
197," Monsters, Inc.",2001,1h 32m,U,8.1, (1M),"monsters, inc.",AppleTV,3.49
197," Monsters, Inc.",2001,1h 32m,U,8.1, (1M),"monsters, inc.",Rakuten TV,3.45
197," Monsters, Inc.",2001,1h 32m,U,8.1, (1M),"monsters, inc.",Sky Store,3.49
197," Monsters, Inc.",2001,1h 32m,U,8.1, (1M),"monsters, inc.",Windows Store,3.49
198, In the Name of the Father,1993,2h 13m,15,8.1, (197K),in the name of the father,Amazon,3.49
198, In the Name of the Father,1993,2h 13m,15,8.1, (197K),in the name of the father,AppleTV,3.49
198, In the Name of the Father,1993,2h 13m,15,8.1, (197K),in the name of the father,YouTube,3.49
198, In the Name of the Father,1993,2h 13m,15,8.1, (197K),in the name of the father,Rakuten TV,3.49
198, In the Name of the Father,1993,2h 13m,15,8.1, (197K),in the name of the father,Sky Store,3.49
198, In the Name of the Father,1993,2h 13m,15,8.1, (197K),in the name of the father,Windows Store,2.49
199, Wild Tales,2014,2h 2m,15,8.1, (230K),wild tales,BFI Player,
199, Wild Tales,2014,2h 2m,15,8.1, (230K),wild tales,AppleTV,3.49
199, Wild Tales,2014,2h 2m,15,8.1, (230K),wild tales,Amazon,3.49
199, Wild Tales,2014,2h 2m,15,8.1, (230K),wild tales,YouTube,3.49
199, Wild Tales,2014,2h 2m,15,8.1, (230K),wild tales,Rakuten TV,2.99
199, Wild Tales,2014,2h 2m,15,8.1, (230K),wild tales,Curzon Home Cinema,4.0
199, Wild Tales,2014,2h 2m,15,8.1, (230K),wild tales,Chili,2.49
199, Wild Tales,2014,2h 2m,15,8.1, (230K),wild tales,Sky Store,3.49
200, The Gold Rush,1925,1h 35m,U,8.1, (125K),the gold rush,Prime Video,
200, The Gold Rush,1925,1h 35m,U,8.1, (125K),the gold rush,Now TV,
200, The Gold Rush,1925,1h 35m,U,8.1, (125K),the gold rush,Amazon,2.49
201, Jaws,1975,2h 4m,A,8.1, (701K),jaws,Sky Store,3.49
202, Sherlock Jr.,1924,45m,U,8.2, (63K),sherlock jr.,BFI Player,
203, Le Mans '66,2019,2h 32m,12A,8.1, (530K),le mans '66,,
204, Mary and Max,2009,1h 32m,12A,8.1, (197K),mary and max,,
205, The Deer Hunter,1978,3h 3m,X,8.1, (377K),the deer hunter,Sky Go,
205, The Deer Hunter,1978,3h 3m,X,8.1, (377K),the deer hunter,Amazon,3.49
205, The Deer Hunter,1978,3h 3m,X,8.1, (377K),the deer hunter,Rakuten TV,2.49
205, The Deer Hunter,1978,3h 3m,X,8.1, (377K),the deer hunter,YouTube,4.49
205, The Deer Hunter,1978,3h 3m,X,8.1, (377K),the deer hunter,AppleTV,3.49
205, The Deer Hunter,1978,3h 3m,X,8.1, (377K),the deer hunter,Sky Store,3.49
205, The Deer Hunter,1978,3h 3m,X,8.1, (377K),the deer hunter,Windows Store,2.49
206, The Wages of Fear,1953,2h 36m,12A,8.1, (71K),the wages of fear,BFI Player,
206, The Wages of Fear,1953,2h 36m,12A,8.1, (71K),the wages of fear,Amazon,4.49
206, The Wages of Fear,1953,2h 36m,12A,8.1, (71K),the wages of fear,AppleTV,4.49
207, The General,1926,1h 18m,U,8.1, (103K),the general,Prime Video,
207, The General,1926,1h 18m,U,8.1, (103K),the general,Amazon,1.99
207, The General,1926,1h 18m,U,8.1, (103K),the general,YouTube,3.49
207, The General,1926,1h 18m,U,8.1, (103K),the general,AppleTV,3.49
208, Mr. Smith Goes to Washington,1939,2h 9m,U,8.1, (127K),mr. smith goes to washington,Amazon,3.49
208, Mr. Smith Goes to Washington,1939,2h 9m,U,8.1, (127K),mr. smith goes to washington,AppleTV,3.49
208, Mr. Smith Goes to Washington,1939,2h 9m,U,8.1, (127K),mr. smith goes to washington,YouTube,3.49
208, Mr. Smith Goes to Washington,1939,2h 9m,U,8.1, (127K),mr. smith goes to washington,Rakuten TV,3.49
208, Mr. Smith Goes to Washington,1939,2h 9m,U,8.1, (127K),mr. smith goes to washington,Sky Store,3.49
209, On the Waterfront,1954,1h 48m,A,8.1, (173K),on the waterfront,AppleTV,3.49
209, On the Waterfront,1954,1h 48m,A,8.1, (173K),on the waterfront,Amazon,3.49
209, On the Waterfront,1954,1h 48m,A,8.1, (173K),on the waterfront,Rakuten TV,3.49
209, On the Waterfront,1954,1h 48m,A,8.1, (173K),on the waterfront,Sky Store,3.49
209, On the Waterfront,1954,1h 48m,A,8.1, (173K),on the waterfront,YouTube,3.49
210, Logan,2017,2h 17m,15,8.1, (895K),logan,Disney+,
210, Logan,2017,2h 17m,15,8.1, (895K),logan,AppleTV,3.49
210, Logan,2017,2h 17m,15,8.1, (895K),logan,Amazon,3.49
210, Logan,2017,2h 17m,15,8.1, (895K),logan,Rakuten TV,3.45
210, Logan,2017,2h 17m,15,8.1, (895K),logan,Sky Store,3.49
210, Logan,2017,2h 17m,15,8.1, (895K),logan,YouTube,3.49
210, Logan,2017,2h 17m,15,8.1, (895K),logan,Windows Store,3.49
211, Wild Strawberries,1957,1h 32m,A,8.1, (121K),wild strawberries,BFI Player,
211, Wild Strawberries,1957,1h 32m,A,8.1, (121K),wild strawberries,Amazon,3.49
211, Wild Strawberries,1957,1h 32m,A,8.1, (121K),wild strawberries,AppleTV,3.49
212, Rocky,1976,2h,A,8.1, (664K),rocky,Amazon,3.49
212, Rocky,1976,2h,A,8.1, (664K),rocky,AppleTV,3.49
212, Rocky,1976,2h,A,8.1, (664K),rocky,Rakuten TV,3.49
212, Rocky,1976,2h,A,8.1, (664K),rocky,Chili,3.49
212, Rocky,1976,2h,A,8.1, (664K),rocky,Sky Store,3.49
212, Rocky,1976,2h,A,8.1, (664K),rocky,Windows Store,3.49
212, Rocky,1976,2h,A,8.1, (664K),rocky,YouTube,3.49
213, The Third Man,1949,1h 44m,A,8.1, (191K),the third man,AppleTV,3.49
213, The Third Man,1949,1h 44m,A,8.1, (191K),the third man,Rakuten TV,3.49
213, The Third Man,1949,1h 44m,A,8.1, (191K),the third man,YouTube,5.49
213, The Third Man,1949,1h 44m,A,8.1, (191K),the third man,Amazon,3.49
213, The Third Man,1949,1h 44m,A,8.1, (191K),the third man,BFI Player,3.5
214, Tokyo Story,1953,2h 17m,U,8.1, (75K),tokyo story,BFI Player,
214, Tokyo Story,1953,2h 17m,U,8.1, (75K),tokyo story,Amazon,3.49
214, Tokyo Story,1953,2h 17m,U,8.1, (75K),tokyo story,AppleTV,3.49
215, Spotlight,2015,2h 9m,15,8.1, (521K),spotlight,Sky Go,
215, Spotlight,2015,2h 9m,15,8.1, (521K),spotlight,Now TV,
215, Spotlight,2015,2h 9m,15,8.1, (521K),spotlight,Amazon,3.49
215, Spotlight,2015,2h 9m,15,8.1, (521K),spotlight,Rakuten TV,3.49
215, Spotlight,2015,2h 9m,15,8.1, (521K),spotlight,YouTube,4.49
215, Spotlight,2015,2h 9m,15,8.1, (521K),spotlight,Sky Store,3.49
215, Spotlight,2015,2h 9m,15,8.1, (521K),spotlight,AppleTV,3.49
215, Spotlight,2015,2h 9m,15,8.1, (521K),spotlight,BFI Player,3.5
215, Spotlight,2015,2h 9m,15,8.1, (521K),spotlight,Windows Store,2.49
216, The Big Lebowski,1998,1h 57m,18,8.1, (894K),the big lebowski,Now TV,
216, The Big Lebowski,1998,1h 57m,18,8.1, (894K),the big lebowski,Amazon,3.49
216, The Big Lebowski,1998,1h 57m,18,8.1, (894K),the big lebowski,AppleTV,3.49
216, The Big Lebowski,1998,1h 57m,18,8.1, (894K),the big lebowski,Sky Store,3.49
216, The Big Lebowski,1998,1h 57m,18,8.1, (894K),the big lebowski,YouTube,3.49
216, The Big Lebowski,1998,1h 57m,18,8.1, (894K),the big lebowski,Rakuten TV,3.49
216, The Big Lebowski,1998,1h 57m,18,8.1, (894K),the big lebowski,Windows Store,2.49
217, The Terminator,1984,1h 47m,18,8.1, (970K),the terminator,Prime Video,
217, The Terminator,1984,1h 47m,18,8.1, (970K),the terminator,Rakuten TV,3.49
217, The Terminator,1984,1h 47m,18,8.1, (970K),the terminator,AppleTV,3.49
217, The Terminator,1984,1h 47m,18,8.1, (970K),the terminator,Sky Store,3.49
217, The Terminator,1984,1h 47m,18,8.1, (970K),the terminator,Amazon,3.49
217, The Terminator,1984,1h 47m,18,8.1, (970K),the terminator,Chili,3.49
217, The Terminator,1984,1h 47m,18,8.1, (970K),the terminator,Windows Store,3.49
218, Maharaja,2024,2h 21m,15,8.4, (71K),maharaja,Netflix,
219, Pirates of the Caribbean: The Curse of the Black Pearl,2003,2h 23m,12A,8.1, (1.3M),pirates of the caribbean: the curse of the black pearl,Disney+,
219, Pirates of the Caribbean: The Curse of the Black Pearl,2003,2h 23m,12A,8.1, (1.3M),pirates of the caribbean: the curse of the black pearl,AppleTV,3.49
219, Pirates of the Caribbean: The Curse of the Black Pearl,2003,2h 23m,12A,8.1, (1.3M),pirates of the caribbean: the curse of the black pearl,Amazon,3.49
219, Pirates of the Caribbean: The Curse of the Black Pearl,2003,2h 23m,12A,8.1, (1.3M),pirates of the caribbean: the curse of the black pearl,Rakuten TV,3.45
219, Pirates of the Caribbean: The Curse of the Black Pearl,2003,2h 23m,12A,8.1, (1.3M),pirates of the caribbean: the curse of the black pearl,Sky Store,3.49
220, The Seventh Seal,1957,1h 36m,X,8.1, (210K),the seventh seal,BFI Player,
220, The Seventh Seal,1957,1h 36m,X,8.1, (210K),the seventh seal,Amazon,3.49
220, The Seventh Seal,1957,1h 36m,X,8.1, (210K),the seventh seal,AppleTV,3.49
221, La haine,1995,1h 38m,15,8.1, (214K),la haine,BFI Player,
221, La haine,1995,1h 38m,15,8.1, (214K),la haine,Amazon,4.49
221, La haine,1995,1h 38m,15,8.1, (214K),la haine,AppleTV,4.49
222, Room,2015,1h 58m,15,8.1, (470K),room,Amazon,3.49
222, Room,2015,1h 58m,15,8.1, (470K),room,AppleTV,3.49
222, Room,2015,1h 58m,15,8.1, (470K),room,YouTube,4.49
222, Room,2015,1h 58m,15,8.1, (470K),room,Rakuten TV,3.49
222, Room,2015,1h 58m,15,8.1, (470K),room,Sky Store,3.49
222, Room,2015,1h 58m,15,8.1, (470K),room,BFI Player,3.5
222, Room,2015,1h 58m,15,8.1, (470K),room,Windows Store,2.49
223, Jai Bhim,2021,2h 44m,Not Rated,8.6, (227K),jai bhim,Prime Video,
224, Hotel Rwanda,2004,2h 1m,12A,8.1, (385K),hotel rwanda,,
225, Platoon,1986,2h,15,8.1, (458K),platoon,AppleTV,3.49
225, Platoon,1986,2h,15,8.1, (458K),platoon,Amazon,3.49
225, Platoon,1986,2h,15,8.1, (458K),platoon,Rakuten TV,3.49
225, Platoon,1986,2h,15,8.1, (458K),platoon,Sky Store,3.49
225, Platoon,1986,2h,15,8.1, (458K),platoon,Chili,3.49
225, Platoon,1986,2h,15,8.1, (458K),platoon,Windows Store,3.49
226, The Best Years of Our Lives,1946,2h 50m,U,8.1, (75K),the best years of our lives,Prime Video,
226, The Best Years of Our Lives,1946,2h 50m,U,8.1, (75K),the best years of our lives,Amazon,4.49
227, Before Sunset,2004,1h 20m,15,8.1, (304K),before sunset,Amazon,3.49
227, Before Sunset,2004,1h 20m,15,8.1, (304K),before sunset,Rakuten TV,3.49
227, Before Sunset,2004,1h 20m,15,8.1, (304K),before sunset,AppleTV,3.49
227, Before Sunset,2004,1h 20m,15,8.1, (304K),before sunset,Sky Store,3.49
227, Before Sunset,2004,1h 20m,15,8.1, (304K),before sunset,Windows Store,3.49
227, Before Sunset,2004,1h 20m,15,8.1, (304K),before sunset,YouTube,3.49
228, The Exorcist,1973,2h 2m,X,8.1, (481K),the exorcist,Prime Video,
229, The Sound of Music,1965,2h 52m,U,8.1, (278K),the sound of music,Disney+,
229, The Sound of Music,1965,2h 52m,U,8.1, (278K),the sound of music,Amazon,3.49
229, The Sound of Music,1965,2h 52m,U,8.1, (278K),the sound of music,Rakuten TV,3.45
229, The Sound of Music,1965,2h 52m,U,8.1, (278K),the sound of music,AppleTV,3.49
229, The Sound of Music,1965,2h 52m,U,8.1, (278K),the sound of music,Sky Store,3.49
229, The Sound of Music,1965,2h 52m,U,8.1, (278K),the sound of music,YouTube,3.49
229, The Sound of Music,1965,2h 52m,U,8.1, (278K),the sound of music,Windows Store,3.49
230, The Incredibles,2004,1h 55m,U,8.0, (861K),the incredibles,Disney+,
230, The Incredibles,2004,1h 55m,U,8.0, (861K),the incredibles,AppleTV,3.49
230, The Incredibles,2004,1h 55m,U,8.0, (861K),the incredibles,Rakuten TV,3.45
230, The Incredibles,2004,1h 55m,U,8.0, (861K),the incredibles,Sky Store,3.49
231, The Wizard of Oz,1939,1h 42m,A,8.1, (453K),the wizard of oz,Sky Go,
231, The Wizard of Oz,1939,1h 42m,A,8.1, (453K),the wizard of oz,Now TV,
231, The Wizard of Oz,1939,1h 42m,A,8.1, (453K),the wizard of oz,Rakuten TV,3.49
231, The Wizard of Oz,1939,1h 42m,A,8.1, (453K),the wizard of oz,Amazon,4.49
231, The Wizard of Oz,1939,1h 42m,A,8.1, (453K),the wizard of oz,AppleTV,4.49
231, The Wizard of Oz,1939,1h 42m,A,8.1, (453K),the wizard of oz,Sky Store,3.49
231, The Wizard of Oz,1939,1h 42m,A,8.1, (453K),the wizard of oz,YouTube,3.49
231, The Wizard of Oz,1939,1h 42m,A,8.1, (453K),the wizard of oz,Windows Store,3.49
232, Hachi: A Dog's Tale,2009,1h 33m,U,8.1, (330K),hachi: a dog's tale,Prime Video,
232, Hachi: A Dog's Tale,2009,1h 33m,U,8.1, (330K),hachi: a dog's tale,Amazon,3.49
232, Hachi: A Dog's Tale,2009,1h 33m,U,8.1, (330K),hachi: a dog's tale,AppleTV,3.49
232, Hachi: A Dog's Tale,2009,1h 33m,U,8.1, (330K),hachi: a dog's tale,YouTube,3.49
232, Hachi: A Dog's Tale,2009,1h 33m,U,8.1, (330K),hachi: a dog's tale,Rakuten TV,3.49
233, The Passion of Joan of Arc,1928,1h 50m,A,8.1, (66K),the passion of joan of arc,BFI Player,
234, Rush,2013,2h 3m,15,8.1, (538K),rush,Netflix,
234, Rush,2013,2h 3m,15,8.1, (538K),rush,YouTube,4.49
234, Rush,2013,2h 3m,15,8.1, (538K),rush,Amazon,3.49
234, Rush,2013,2h 3m,15,8.1, (538K),rush,AppleTV,3.49
234, Rush,2013,2h 3m,15,8.1, (538K),rush,Rakuten TV,3.49
234, Rush,2013,2h 3m,15,8.1, (538K),rush,Sky Store,3.49
234, Rush,2013,2h 3m,15,8.1, (538K),rush,Windows Store,2.49
235, Stand by Me,1986,1h 29m,15,8.1, (467K),stand by me,Sky Go,
235, Stand by Me,1986,1h 29m,15,8.1, (467K),stand by me,Now TV,
235, Stand by Me,1986,1h 29m,15,8.1, (467K),stand by me,AppleTV,3.49
235, Stand by Me,1986,1h 29m,15,8.1, (467K),stand by me,Amazon,3.49
235, Stand by Me,1986,1h 29m,15,8.1, (467K),stand by me,Rakuten TV,3.49
235, Stand by Me,1986,1h 29m,15,8.1, (467K),stand by me,YouTube,3.49
235, Stand by Me,1986,1h 29m,15,8.1, (467K),stand by me,Sky Store,3.49
235, Stand by Me,1986,1h 29m,15,8.1, (467K),stand by me,Windows Store,2.49
236, My Father and My Son,2005,1h 52m,PG,8.2, (98K),my father and my son,,
237, The Iron Giant,1999,1h 26m,U,8.1, (247K),the iron giant,Amazon,3.49
237, The Iron Giant,1999,1h 26m,U,8.1, (247K),the iron giant,Rakuten TV,4.45
237, The Iron Giant,1999,1h 26m,U,8.1, (247K),the iron giant,Sky Store,3.49
237, The Iron Giant,1999,1h 26m,U,8.1, (247K),the iron giant,Windows Store,3.49
237, The Iron Giant,1999,1h 26m,U,8.1, (247K),the iron giant,AppleTV,3.49
237, The Iron Giant,1999,1h 26m,U,8.1, (247K),the iron giant,YouTube,3.49
238, A Silent Voice,2016,2h 10m,12A,8.1, (123K),a silent voice,AppleTV,1.99
238, A Silent Voice,2016,2h 10m,12A,8.1, (123K),a silent voice,Amazon,1.99
238, A Silent Voice,2016,2h 10m,12A,8.1, (123K),a silent voice,Windows Store,3.49
238, A Silent Voice,2016,2h 10m,12A,8.1, (123K),a silent voice,YouTube,3.49
239, Network,1976,2h 1m,AA,8.1, (180K),network,AppleTV,3.49
239, Network,1976,2h 1m,AA,8.1, (180K),network,Amazon,3.49
239, Network,1976,2h 1m,AA,8.1, (180K),network,Sky Store,3.49
239, Network,1976,2h 1m,AA,8.1, (180K),network,Chili,3.49
240, The Handmaiden,2016,2h 25m,18,8.1, (190K),the handmaiden,BFI Player,
240, The Handmaiden,2016,2h 25m,18,8.1, (190K),the handmaiden,Amazon,3.49
240, The Handmaiden,2016,2h 25m,18,8.1, (190K),the handmaiden,AppleTV,3.49
240, The Handmaiden,2016,2h 25m,18,8.1, (190K),the handmaiden,Sky Store,3.49
240, The Handmaiden,2016,2h 25m,18,8.1, (190K),the handmaiden,Chili,2.49
240, The Handmaiden,2016,2h 25m,18,8.1, (190K),the handmaiden,YouTube,3.49
240, The Handmaiden,2016,2h 25m,18,8.1, (190K),the handmaiden,Rakuten TV,2.99
240, The Handmaiden,2016,2h 25m,18,8.1, (190K),the handmaiden,Curzon Home Cinema,4.0
241, The Battle of Algiers,1966,2h 1m,X,8.1, (72K),the battle of algiers,Prime Video,
241, The Battle of Algiers,1966,2h 1m,X,8.1, (72K),the battle of algiers,BFI Player,
241, The Battle of Algiers,1966,2h 1m,X,8.1, (72K),the battle of algiers,Amazon,3.49
241, The Battle of Algiers,1966,2h 1m,X,8.1, (72K),the battle of algiers,Chili,3.49
241, The Battle of Algiers,1966,2h 1m,X,8.1, (72K),the battle of algiers,AppleTV,3.49
242, To Be or Not to Be,1942,1h 39m,U,8.1, (48K),to be or not to be,,
243, The Grapes of Wrath,1940,2h 9m,A,8.1, (106K),the grapes of wrath,AppleTV,3.49
243, The Grapes of Wrath,1940,2h 9m,A,8.1, (106K),the grapes of wrath,Amazon,3.49
243, The Grapes of Wrath,1940,2h 9m,A,8.1, (106K),the grapes of wrath,Sky Store,3.49
244, Into the Wild,2007,2h 28m,15,8.0, (682K),into the wild,Amazon,3.49
244, Into the Wild,2007,2h 28m,15,8.0, (682K),into the wild,AppleTV,3.49
244, Into the Wild,2007,2h 28m,15,8.0, (682K),into the wild,YouTube,3.49
244, Into the Wild,2007,2h 28m,15,8.0, (682K),into the wild,Rakuten TV,3.49
244, Into the Wild,2007,2h 28m,15,8.0, (682K),into the wild,Sky Store,3.49
245, Groundhog Day,1993,1h 41m,PG,8.0, (720K),groundhog day,Prime Video,
245, Groundhog Day,1993,1h 41m,PG,8.0, (720K),groundhog day,AppleTV,3.49
245, Groundhog Day,1993,1h 41m,PG,8.0, (720K),groundhog day,Amazon,3.49
245, Groundhog Day,1993,1h 41m,PG,8.0, (720K),groundhog day,YouTube,3.49
245, Groundhog Day,1993,1h 41m,PG,8.0, (720K),groundhog day,Rakuten TV,4.49
245, Groundhog Day,1993,1h 41m,PG,8.0, (720K),groundhog day,Windows Store,2.49
245, Groundhog Day,1993,1h 41m,PG,8.0, (720K),groundhog day,Sky Store,3.49
246, The Help,2011,2h 26m,12A,8.1, (515K),the help,Disney+,
246, The Help,2011,2h 26m,12A,8.1, (515K),the help,Amazon,3.49
246, The Help,2011,2h 26m,12A,8.1, (515K),the help,AppleTV,3.49
246, The Help,2011,2h 26m,12A,8.1, (515K),the help,Rakuten TV,3.45
246, The Help,2011,2h 26m,12A,8.1, (515K),the help,Windows Store,3.49
246, The Help,2011,2h 26m,12A,8.1, (515K),the help,Sky Store,3.49
247, I'm Still Here,2024,2h 17m,15,8.2, (114K),i'm still here,Amazon,4.49
247, I'm Still Here,2024,2h 17m,15,8.2, (114K),i'm still here,AppleTV,4.49
247, I'm Still Here,2024,2h 17m,15,8.2, (114K),i'm still here,Sky Store,4.99
248, Gangs of Wasseypur,2012,5h 21m,18,8.2, (109K),gangs of wasseypur,,
249, Demon Slayer: Kimetsu no Yaiba - The Movie: Mugen Train,2020,1h 57m,15,8.2, (85K),demon slayer: kimetsu no yaiba - the movie: mugen train,,
250, Andhadhun,2018,2h 19m,12A,8.2, (110K),andhadhun,,
